{
    "objects": [
        {
            "attributes": {
                "description": "Kubernetes Scheduler metrics", 
                "hits": 0, 
                "kibanaSavedObjectMeta": {
                    "searchSourceJSON": "{\"filter\": [{\"query\": {\"match\": {\"event.dataset\": {\"query\": \"kubernetes.scheduler\", \"type\": \"phrase\"}}}, \"meta\": {\"indexRefName\": \"kibanaSavedObjectMeta.searchSourceJSON.filter[0].meta.index\", \"value\": \"kubernetes.scheduler\", \"disabled\": false, \"alias\": null, \"params\": {\"query\": \"kubernetes.scheduler\"}, \"key\": \"event.dataset\", \"negate\": false, \"type\": \"phrase\"}, \"$state\": {\"store\": \"appState\"}}], \"query\": {\"query\": \"\", \"language\": \"kuery\"}}"
                }, 
                "optionsJSON": "{\"useMargins\": true, \"hidePanelTitles\": false}", 
                "panelsJSON": "[{\"gridData\": {\"i\": \"1\", \"h\": 14, \"y\": 0, \"w\": 14, \"x\": 0}, \"panelRefName\": \"panel_0\", \"version\": \"7.2.0\", \"panelIndex\": \"1\", \"embeddableConfig\": {}}, {\"gridData\": {\"i\": \"2\", \"h\": 14, \"y\": 0, \"w\": 11, \"x\": 14}, \"panelRefName\": \"panel_1\", \"version\": \"7.2.0\", \"panelIndex\": \"2\", \"embeddableConfig\": {}}, {\"gridData\": {\"i\": \"3\", \"h\": 14, \"y\": 0, \"w\": 23, \"x\": 25}, \"panelRefName\": \"panel_2\", \"version\": \"7.2.0\", \"panelIndex\": \"3\", \"embeddableConfig\": {}}, {\"gridData\": {\"i\": \"4\", \"h\": 11, \"y\": 29, \"w\": 24, \"x\": 0}, \"panelRefName\": \"panel_3\", \"version\": \"7.2.0\", \"panelIndex\": \"4\", \"embeddableConfig\": {}}, {\"gridData\": {\"i\": \"5\", \"h\": 11, \"y\": 29, \"w\": 24, \"x\": 24}, \"panelRefName\": \"panel_4\", \"version\": \"7.2.0\", \"panelIndex\": \"5\", \"embeddableConfig\": {}}, {\"gridData\": {\"i\": \"6\", \"h\": 15, \"y\": 14, \"w\": 24, \"x\": 0}, \"panelRefName\": \"panel_5\", \"version\": \"7.2.0\", \"panelIndex\": \"6\", \"embeddableConfig\": {}}, {\"gridData\": {\"i\": \"7\", \"h\": 15, \"y\": 14, \"w\": 24, \"x\": 24}, \"panelRefName\": \"panel_6\", \"version\": \"7.2.0\", \"panelIndex\": \"7\", \"embeddableConfig\": {}}]", 
                "timeRestore": false, 
                "title": "[Metricbeat Kubernetes] Scheduler", 
                "version": 1
            }, 
            "id": "f5ab5510-9c94-11e9-94fd-c91206cd5249", 
            "migrationVersion": {
                "dashboard": "7.0.0"
            }, 
            "references": [
                {
                    "id": "metricbeat-*", 
                    "name": "kibanaSavedObjectMeta.searchSourceJSON.filter[0].meta.index", 
                    "type": "index-pattern"
                }, 
                {
                    "id": "bcb194a0-9bf8-11e9-9dc8-fd27291d427f", 
                    "name": "panel_0", 
                    "type": "visualization"
                }, 
                {
                    "id": "826d80c0-9c97-11e9-94fd-c91206cd5249", 
                    "name": "panel_1", 
                    "type": "visualization"
                }, 
                {
                    "id": "15bd4420-9c9b-11e9-94fd-c91206cd5249", 
                    "name": "panel_2", 
                    "type": "visualization"
                }, 
                {
                    "id": "d9fc1b80-9c9c-11e9-94fd-c91206cd5249", 
                    "name": "panel_3", 
                    "type": "visualization"
                }, 
                {
                    "id": "95595810-9ca8-11e9-94fd-c91206cd5249", 
                    "name": "panel_4", 
                    "type": "visualization"
                }, 
                {
                    "id": "382ace30-9d98-11e9-b2ae-49acc4cbcea9", 
                    "name": "panel_5", 
                    "type": "visualization"
                }, 
                {
                    "id": "84d9b200-9d98-11e9-b2ae-49acc4cbcea9", 
                    "name": "panel_6", 
                    "type": "visualization"
                }
            ], 
            "type": "dashboard", 
            "updated_at": "2019-07-03T14:42:40.028Z", 
            "version": "WzI4OSwyXQ=="
        }, 
        {
            "attributes": {
                "description": "", 
                "kibanaSavedObjectMeta": {
                    "searchSourceJSON": "{\"filter\": [], \"query\": {\"query\": \"\", \"language\": \"kuery\"}}"
                }, 
                "title": "Host selector [Metricbeat Kubernetes]", 
                "uiStateJSON": "{}", 
                "version": 1, 
                "visState": "{\"type\": \"input_control_vis\", \"params\": {\"pinFilters\": false, \"useTimeFilter\": false, \"updateFiltersOnChange\": false, \"controls\": [{\"parent\": \"\", \"indexPatternRefName\": \"control_0_index_pattern\", \"label\": \"Hostname\", \"fieldName\": \"host.hostname\", \"id\": \"1561982488150\", \"type\": \"list\", \"options\": {\"type\": \"terms\", \"size\": 5, \"multiselect\": true, \"dynamicOptions\": true, \"order\": \"desc\"}}, {\"parent\": \"\", \"indexPatternRefName\": \"control_1_index_pattern\", \"label\": \"Service address\", \"fieldName\": \"service.address\", \"id\": \"1561982723711\", \"type\": \"list\", \"options\": {\"type\": \"terms\", \"size\": 5, \"multiselect\": false, \"dynamicOptions\": true, \"order\": \"desc\"}}]}, \"aggs\": [], \"title\": \"Host selector [Metricbeat Kubernetes]\"}"
            }, 
            "id": "bcb194a0-9bf8-11e9-9dc8-fd27291d427f", 
            "migrationVersion": {
                "visualization": "7.2.0"
            }, 
            "references": [
                {
                    "id": "metricbeat-*", 
                    "name": "control_0_index_pattern", 
                    "type": "index-pattern"
                }, 
                {
                    "id": "metricbeat-*", 
                    "name": "control_1_index_pattern", 
                    "type": "index-pattern"
                }
            ], 
            "type": "visualization", 
            "updated_at": "2019-07-03T07:20:34.226Z", 
            "version": "WzEzMywxXQ=="
        }, 
        {
            "attributes": {
                "description": "", 
                "kibanaSavedObjectMeta": {
                    "searchSourceJSON": "{\"filter\": [], \"query\": {\"query\": \"\", \"language\": \"kuery\"}}"
                }, 
                "title": "Process summary [Metricbeat Kubernetes]", 
                "uiStateJSON": "{}", 
                "version": 1, 
                "visState": "{\"type\": \"metrics\", \"params\": {\"default_index_pattern\": \"metricbeat-*\", \"markdown\": \"|  |   |\\n|---|---|\\n|**Days running**|{{ math.started.last.raw }}|\\n|**File descriptors open**|{{ max_of_kubernetes_scheduler_process_fds_open_count.fds.last.raw }}|\\n|**Resident Memory**|{{ max_of_kubernetes_scheduler_process_memory_resident_bytes.resident_memory.last.formatted }}|\\n|**Virtual Memory**|{{ max_of_kubernetes_scheduler_process_memory_virtual_bytes.virtual_memory.last.formatted }}|\\n\", \"index_pattern\": \"\", \"default_timefield\": \"@timestamp\", \"series\": [{\"line_width\": 1, \"point_size\": 1, \"color\": \"#68BC00\", \"stacked\": \"none\", \"label\": \"\", \"metrics\": [{\"field\": \"kubernetes.scheduler.process.started.sec\", \"type\": \"max\", \"id\": \"61ca57f2-469d-11e7-af02-69e470af7417\"}, {\"variables\": [{\"field\": \"61ca57f2-469d-11e7-af02-69e470af7417\", \"id\": \"97cc0060-9c95-11e9-87bc-455cc45f013a\", \"name\": \"started\"}], \"type\": \"math\", \"id\": \"94b52370-9c95-11e9-87bc-455cc45f013a\", \"script\": \"round( (params._timestamp /1000 - params.started) / 86400, 2)\"}], \"var_name\": \"started\", \"split_mode\": \"everything\", \"chart_type\": \"line\", \"separate_axis\": 0, \"axis_position\": \"right\", \"formatter\": \"number\", \"id\": \"61ca57f1-469d-11e7-af02-69e470af7417\", \"fill\": 0.5}, {\"line_width\": 1, \"point_size\": 1, \"color\": \"#68BC00\", \"stacked\": \"none\", \"label\": \"\", \"metrics\": [{\"field\": \"kubernetes.scheduler.process.fds.open.count\", \"type\": \"max\", \"id\": \"a8475ca1-9c95-11e9-87bc-455cc45f013a\"}], \"var_name\": \"fds\", \"split_mode\": \"everything\", \"chart_type\": \"line\", \"separate_axis\": 0, \"axis_position\": \"right\", \"formatter\": \"number\", \"id\": \"a8475ca0-9c95-11e9-87bc-455cc45f013a\", \"fill\": 0.5}, {\"line_width\": 1, \"point_size\": 1, \"color\": \"#68BC00\", \"stacked\": \"none\", \"label\": \"\", \"metrics\": [{\"field\": \"kubernetes.scheduler.process.memory.resident.bytes\", \"type\": \"max\", \"id\": \"cdc6d191-9c95-11e9-87bc-455cc45f013a\"}], \"var_name\": \"resident_memory\", \"split_mode\": \"everything\", \"chart_type\": \"line\", \"separate_axis\": 0, \"axis_position\": \"right\", \"formatter\": \"bytes\", \"id\": \"cdc6d190-9c95-11e9-87bc-455cc45f013a\", \"fill\": 0.5}, {\"line_width\": 1, \"point_size\": 1, \"color\": \"#68BC00\", \"stacked\": \"none\", \"label\": \"\", \"metrics\": [{\"field\": \"kubernetes.scheduler.process.memory.virtual.bytes\", \"type\": \"max\", \"id\": \"dfa0fa81-9c95-11e9-87bc-455cc45f013a\"}], \"var_name\": \"virtual_memory\", \"split_mode\": \"everything\", \"chart_type\": \"line\", \"separate_axis\": 0, \"axis_position\": \"right\", \"formatter\": \"bytes\", \"id\": \"dfa0fa80-9c95-11e9-87bc-455cc45f013a\", \"fill\": 0.5}], \"axis_formatter\": \"number\", \"interval\": \"30s\", \"markdown_less\": \"\\ntable, tr, td, th {\\n    border: none;\\n}\\n\\n\", \"id\": \"61ca57f0-469d-11e7-af02-69e470af7417\", \"filter\": \"_exists_:\\\"kubernetes.scheduler.process.started.sec\\\"\", \"time_field\": \"\", \"show_legend\": 1, \"markdown_css\": \"#markdown-61ca57f0-469d-11e7-af02-69e470af7417 table,#markdown-61ca57f0-469d-11e7-af02-69e470af7417 tr,#markdown-61ca57f0-469d-11e7-af02-69e470af7417 td,#markdown-61ca57f0-469d-11e7-af02-69e470af7417 th{border:none}\", \"axis_scale\": \"normal\", \"type\": \"markdown\", \"axis_position\": \"left\", \"show_grid\": 1, \"drop_last_bucket\": 1}, \"aggs\": [], \"title\": \"Process summary [Metricbeat Kubernetes]\"}"
            }, 
            "id": "826d80c0-9c97-11e9-94fd-c91206cd5249", 
            "migrationVersion": {
                "visualization": "7.2.0"
            }, 
            "references": [], 
            "type": "visualization", 
            "updated_at": "2019-07-03T14:45:05.521Z", 
            "version": "WzI5MCwyXQ=="
        }, 
        {
            "attributes": {
                "description": "", 
                "kibanaSavedObjectMeta": {
                    "searchSourceJSON": "{\"filter\": [], \"query\": {\"query\": \"\", \"language\": \"kuery\"}}"
                }, 
                "title": "Scheduler HTTP request duration [Metricbeat Kubernetes]", 
                "uiStateJSON": "{}", 
                "version": 1, 
                "visState": "{\"type\": \"metrics\", \"params\": {\"default_index_pattern\": \"metricbeat-*\", \"index_pattern\": \"\", \"default_timefield\": \"@timestamp\", \"series\": [{\"line_width\": 1, \"point_size\": 1, \"color\": \"rgba(165,228,85,1)\", \"stacked\": \"none\", \"label\": \"P99\", \"metrics\": [{\"field\": \"kubernetes.scheduler.http.request.duration.us.percentile.99\", \"type\": \"avg\", \"id\": \"61ca57f2-469d-11e7-af02-69e470af7417\"}], \"split_mode\": \"everything\", \"chart_type\": \"line\", \"separate_axis\": 0, \"axis_position\": \"right\", \"formatter\": \"us,ms,2\", \"id\": \"61ca57f1-469d-11e7-af02-69e470af7417\", \"fill\": 0.5}, {\"line_width\": 1, \"point_size\": 1, \"color\": \"#68BC00\", \"stacked\": \"none\", \"label\": \"P90\", \"metrics\": [{\"field\": \"kubernetes.scheduler.http.request.duration.us.percentile.90\", \"type\": \"avg\", \"id\": \"708a8160-9c9b-11e9-b248-53caaa33a2c5\"}], \"split_mode\": \"everything\", \"chart_type\": \"line\", \"separate_axis\": 0, \"axis_position\": \"right\", \"formatter\": \"us,ms,2\", \"id\": \"708a5a50-9c9b-11e9-b248-53caaa33a2c5\", \"fill\": 0.5}, {\"line_width\": 1, \"point_size\": 1, \"color\": \"rgba(65,117,0,1)\", \"stacked\": \"none\", \"label\": \"P50\", \"metrics\": [{\"field\": \"kubernetes.scheduler.http.request.duration.us.percentile.50\", \"type\": \"avg\", \"id\": \"9ba449d1-9c9b-11e9-b248-53caaa33a2c5\"}], \"split_mode\": \"everything\", \"chart_type\": \"line\", \"separate_axis\": 0, \"axis_position\": \"right\", \"formatter\": \"us,ms,2\", \"id\": \"9ba449d0-9c9b-11e9-b248-53caaa33a2c5\", \"fill\": 0.5}], \"axis_formatter\": \"number\", \"interval\": \"\", \"id\": \"61ca57f0-469d-11e7-af02-69e470af7417\", \"time_field\": \"\", \"show_legend\": 1, \"show_grid\": 1, \"axis_scale\": \"normal\", \"type\": \"timeseries\", \"axis_position\": \"left\"}, \"aggs\": [], \"title\": \"Scheduler HTTP request duration [Metricbeat Kubernetes]\"}"
            }, 
            "id": "15bd4420-9c9b-11e9-94fd-c91206cd5249", 
            "migrationVersion": {
                "visualization": "7.2.0"
            }, 
            "references": [], 
            "type": "visualization", 
            "updated_at": "2019-07-03T07:20:34.226Z", 
            "version": "WzEzNSwxXQ=="
        }, 
        {
            "attributes": {
                "description": "", 
                "kibanaSavedObjectMeta": {
                    "searchSourceJSON": "{\"filter\": [], \"query\": {\"query\": \"\", \"language\": \"kuery\"}}"
                }, 
                "title": "Scheduler end to end scheduling duration [Metricbeat Kubernetes]", 
                "uiStateJSON": "{}", 
                "version": 1, 
                "visState": "{\"type\": \"metrics\", \"params\": {\"default_index_pattern\": \"metricbeat-*\", \"index_pattern\": \"\", \"default_timefield\": \"@timestamp\", \"series\": [{\"line_width\": 1, \"point_size\": 1, \"color\": \"rgba(63,112,2,1)\", \"stacked\": \"none\", \"label\": \"Under 16ms\", \"id\": \"61ca57f1-469d-11e7-af02-69e470af7417\", \"metrics\": [{\"field\": \"kubernetes.scheduler.scheduling.e2e.duration.us.bucket.16000\", \"type\": \"avg\", \"id\": \"61ca57f2-469d-11e7-af02-69e470af7417\"}, {\"field\": \"61ca57f2-469d-11e7-af02-69e470af7417\", \"type\": \"derivative\", \"id\": \"2a21d690-9c9d-11e9-8174-4589c2c40897\", \"unit\": \"\"}], \"split_mode\": \"everything\", \"chart_type\": \"line\", \"separate_axis\": 0, \"axis_position\": \"right\", \"formatter\": \"number\", \"hidden\": false, \"fill\": 0.5}, {\"line_width\": 1, \"point_size\": 1, \"color\": \"rgba(138,223,24,1)\", \"stacked\": \"none\", \"label\": \"Under 512ms\", \"id\": \"a0344a80-9ca1-11e9-9b2f-4dae0cc2bdf1\", \"metrics\": [{\"field\": \"kubernetes.scheduler.scheduling.e2e.duration.us.bucket.512000\", \"type\": \"avg\", \"id\": \"a0347190-9ca1-11e9-9b2f-4dae0cc2bdf1\"}, {\"field\": \"a0347190-9ca1-11e9-9b2f-4dae0cc2bdf1\", \"type\": \"derivative\", \"id\": \"9a865d10-9ca3-11e9-9b2f-4dae0cc2bdf1\", \"unit\": \"\"}], \"split_mode\": \"everything\", \"chart_type\": \"line\", \"separate_axis\": 0, \"axis_position\": \"right\", \"formatter\": \"number\", \"hidden\": false, \"fill\": \"0.4\"}, {\"line_width\": 1, \"point_size\": 1, \"color\": \"rgba(174,161,255,1)\", \"stacked\": \"none\", \"label\": \"Under 1024ms\", \"id\": \"c456c780-9ca1-11e9-9b2f-4dae0cc2bdf1\", \"metrics\": [{\"field\": \"kubernetes.scheduler.scheduling.e2e.duration.us.bucket.1024000\", \"type\": \"avg\", \"id\": \"c456c781-9ca1-11e9-9b2f-4dae0cc2bdf1\"}, {\"field\": \"c456c781-9ca1-11e9-9b2f-4dae0cc2bdf1\", \"type\": \"derivative\", \"id\": \"a77cd850-9ca3-11e9-9b2f-4dae0cc2bdf1\", \"unit\": \"\"}], \"split_mode\": \"everything\", \"chart_type\": \"line\", \"separate_axis\": 0, \"axis_position\": \"right\", \"formatter\": \"number\", \"hidden\": false, \"fill\": \"0.3\"}, {\"line_width\": 1, \"point_size\": 1, \"color\": \"rgba(115,216,255,1)\", \"stacked\": \"none\", \"label\": \"Under 4096ms\", \"id\": \"127a9810-9ca2-11e9-9b2f-4dae0cc2bdf1\", \"metrics\": [{\"field\": \"kubernetes.scheduler.scheduling.e2e.duration.us.bucket.4096000\", \"type\": \"avg\", \"id\": \"127a9811-9ca2-11e9-9b2f-4dae0cc2bdf1\"}, {\"field\": \"127a9811-9ca2-11e9-9b2f-4dae0cc2bdf1\", \"type\": \"derivative\", \"id\": \"b48a0fe0-9ca3-11e9-9b2f-4dae0cc2bdf1\", \"unit\": \"\"}], \"split_mode\": \"everything\", \"chart_type\": \"line\", \"separate_axis\": 0, \"axis_position\": \"right\", \"formatter\": \"number\", \"hidden\": false, \"fill\": \"0.2\"}, {\"line_width\": 1, \"point_size\": 1, \"color\": \"rgba(252,196,0,1)\", \"stacked\": \"none\", \"label\": \"Under 8192ms\", \"id\": \"6a2ba130-9ca2-11e9-9b2f-4dae0cc2bdf1\", \"metrics\": [{\"field\": \"kubernetes.scheduler.scheduling.e2e.duration.us.bucket.8192000\", \"type\": \"avg\", \"id\": \"6a2ba131-9ca2-11e9-9b2f-4dae0cc2bdf1\"}, {\"field\": \"6a2ba131-9ca2-11e9-9b2f-4dae0cc2bdf1\", \"type\": \"derivative\", \"id\": \"c727fe00-9ca3-11e9-9b2f-4dae0cc2bdf1\", \"unit\": \"\"}], \"split_mode\": \"everything\", \"chart_type\": \"line\", \"separate_axis\": 0, \"axis_position\": \"right\", \"formatter\": \"number\", \"hidden\": false, \"fill\": \"0.1\"}, {\"line_width\": 1, \"point_size\": 1, \"color\": \"rgba(209,119,103,1)\", \"stacked\": \"none\", \"label\": \"Under 16384ms\", \"id\": \"f93a66e0-9ca2-11e9-9b2f-4dae0cc2bdf1\", \"metrics\": [{\"field\": \"kubernetes.scheduler.scheduling.e2e.duration.us.bucket.16384000\", \"type\": \"avg\", \"id\": \"f93a66e1-9ca2-11e9-9b2f-4dae0cc2bdf1\"}, {\"field\": \"f93a66e1-9ca2-11e9-9b2f-4dae0cc2bdf1\", \"type\": \"derivative\", \"id\": \"ce42d700-9ca3-11e9-9b2f-4dae0cc2bdf1\", \"unit\": \"\"}], \"split_mode\": \"everything\", \"chart_type\": \"line\", \"separate_axis\": 0, \"axis_position\": \"right\", \"formatter\": \"number\", \"hidden\": false, \"fill\": \"0\"}, {\"line_width\": 1, \"point_size\": 1, \"color\": \"rgba(104,188,0,1)\", \"stacked\": \"none\", \"label\": \"All\", \"id\": \"310452c0-9ca3-11e9-9b2f-4dae0cc2bdf1\", \"metrics\": [{\"field\": \"kubernetes.scheduler.scheduling.e2e.duration.us.bucket.+Inf\", \"type\": \"avg\", \"id\": \"310452c1-9ca3-11e9-9b2f-4dae0cc2bdf1\"}, {\"field\": \"310452c1-9ca3-11e9-9b2f-4dae0cc2bdf1\", \"type\": \"derivative\", \"id\": \"e0692420-9ca3-11e9-9b2f-4dae0cc2bdf1\", \"unit\": \"\"}], \"split_mode\": \"everything\", \"chart_type\": \"line\", \"separate_axis\": 0, \"axis_position\": \"right\", \"formatter\": \"number\", \"hidden\": false, \"fill\": \"0\"}], \"axis_formatter\": \"number\", \"interval\": \"\", \"show_legend\": 1, \"id\": \"61ca57f0-469d-11e7-af02-69e470af7417\", \"time_field\": \"\", \"axis_min\": \"0\", \"show_grid\": 1, \"axis_scale\": \"normal\", \"type\": \"timeseries\", \"axis_position\": \"left\"}, \"aggs\": [], \"title\": \"Scheduler end to end scheduling duration [Metricbeat Kubernetes]\"}"
            }, 
            "id": "d9fc1b80-9c9c-11e9-94fd-c91206cd5249", 
            "migrationVersion": {
                "visualization": "7.2.0"
            }, 
            "references": [], 
            "type": "visualization", 
            "updated_at": "2019-07-03T07:20:34.226Z", 
            "version": "WzEzNiwxXQ=="
        }, 
        {
            "attributes": {
                "description": "", 
                "kibanaSavedObjectMeta": {
                    "searchSourceJSON": "{\"filter\": [], \"query\": {\"query\": \"\", \"language\": \"kuery\"}}"
                }, 
                "title": "Scheduler scheduling attempts [Metricbeat Kubernetes]", 
                "uiStateJSON": "{}", 
                "version": 1, 
                "visState": "{\"type\": \"metrics\", \"params\": {\"default_index_pattern\": \"metricbeat-*\", \"index_pattern\": \"\", \"default_timefield\": \"@timestamp\", \"series\": [{\"line_width\": 1, \"terms_field\": \"kubernetes.scheduler.result\", \"point_size\": 1, \"color\": \"#68BC00\", \"stacked\": \"none\", \"label\": \"Attempts\", \"metrics\": [{\"field\": \"kubernetes.scheduler.scheduling.pod.attempts.count\", \"type\": \"avg\", \"id\": \"61ca57f2-469d-11e7-af02-69e470af7417\"}, {\"field\": \"61ca57f2-469d-11e7-af02-69e470af7417\", \"type\": \"derivative\", \"id\": \"18aae5d0-9ca9-11e9-b8ef-3ddf5d748ddb\", \"unit\": \"\"}], \"split_mode\": \"terms\", \"chart_type\": \"line\", \"terms_order_by\": \"61ca57f2-469d-11e7-af02-69e470af7417\", \"separate_axis\": 0, \"axis_position\": \"right\", \"formatter\": \"number\", \"id\": \"61ca57f1-469d-11e7-af02-69e470af7417\", \"split_color_mode\": \"rainbow\", \"fill\": 0.5}], \"axis_formatter\": \"number\", \"interval\": \"\", \"show_legend\": 1, \"id\": \"61ca57f0-469d-11e7-af02-69e470af7417\", \"time_field\": \"\", \"axis_min\": \"0\", \"show_grid\": 1, \"axis_scale\": \"normal\", \"type\": \"timeseries\", \"axis_position\": \"left\"}, \"aggs\": [], \"title\": \"Scheduler scheduling attempts [Metricbeat Kubernetes]\"}"
            }, 
            "id": "95595810-9ca8-11e9-94fd-c91206cd5249", 
            "migrationVersion": {
                "visualization": "7.2.0"
            }, 
            "references": [], 
            "type": "visualization", 
            "updated_at": "2019-07-03T07:20:34.226Z", 
            "version": "WzEzNywxXQ=="
        }, 
        {
            "attributes": {
                "description": "", 
                "kibanaSavedObjectMeta": {
                    "searchSourceJSON": "{\"filter\": [], \"query\": {\"query\": \"\", \"language\": \"kuery\"}}"
                }, 
                "title": "Scheduler CPU [Metricbeat Kubernetes]", 
                "uiStateJSON": "{}", 
                "version": 1, 
                "visState": "{\"type\": \"metrics\", \"params\": {\"default_index_pattern\": \"metricbeat-*\", \"index_pattern\": \"\", \"default_timefield\": \"@timestamp\", \"series\": [{\"line_width\": 1, \"point_size\": 1, \"color\": \"#68BC00\", \"stacked\": \"none\", \"value_template\": \"{{value}} s\", \"label\": \"CPU time\", \"metrics\": [{\"field\": \"kubernetes.scheduler.process.cpu.sec\", \"type\": \"avg\", \"id\": \"61ca57f2-469d-11e7-af02-69e470af7417\"}, {\"field\": \"61ca57f2-469d-11e7-af02-69e470af7417\", \"type\": \"derivative\", \"id\": \"11331120-9d98-11e9-9e81-115d18bcfeaa\", \"unit\": \"\"}], \"split_mode\": \"everything\", \"chart_type\": \"line\", \"separate_axis\": 0, \"axis_position\": \"right\", \"formatter\": \"number\", \"id\": \"61ca57f1-469d-11e7-af02-69e470af7417\", \"fill\": 0.5}], \"axis_formatter\": \"number\", \"interval\": \"\", \"show_legend\": 1, \"id\": \"61ca57f0-469d-11e7-af02-69e470af7417\", \"time_field\": \"\", \"axis_min\": \"0\", \"show_grid\": 1, \"axis_scale\": \"normal\", \"type\": \"timeseries\", \"axis_position\": \"left\"}, \"aggs\": [], \"title\": \"Scheduler CPU [Metricbeat Kubernetes]\"}"
            }, 
            "id": "382ace30-9d98-11e9-b2ae-49acc4cbcea9", 
            "migrationVersion": {
                "visualization": "7.2.0"
            }, 
            "references": [], 
            "type": "visualization", 
            "updated_at": "2019-07-03T14:10:38.608Z", 
            "version": "WzI3NywyXQ=="
        }, 
        {
            "attributes": {
                "description": "", 
                "kibanaSavedObjectMeta": {
                    "searchSourceJSON": "{\"filter\": [], \"query\": {\"query\": \"\", \"language\": \"kuery\"}}"
                }, 
                "title": "Scheduler Memory [Metricbeat Kubernetes]", 
                "uiStateJSON": "{}", 
                "version": 1, 
                "visState": "{\"type\": \"metrics\", \"params\": {\"default_index_pattern\": \"metricbeat-*\", \"index_pattern\": \"\", \"default_timefield\": \"@timestamp\", \"series\": [{\"line_width\": 1, \"point_size\": 1, \"color\": \"rgba(251,158,0,1)\", \"stacked\": \"none\", \"label\": \"Resident\", \"metrics\": [{\"field\": \"kubernetes.scheduler.process.memory.resident.bytes\", \"type\": \"avg\", \"id\": \"61ca57f2-469d-11e7-af02-69e470af7417\"}], \"split_mode\": \"everything\", \"chart_type\": \"line\", \"separate_axis\": 0, \"axis_position\": \"right\", \"formatter\": \"bytes\", \"id\": \"61ca57f1-469d-11e7-af02-69e470af7417\", \"fill\": 0.5}, {\"line_width\": 1, \"point_size\": 1, \"color\": \"#68BC00\", \"stacked\": \"none\", \"label\": \"Virtual\", \"metrics\": [{\"field\": \"kubernetes.scheduler.process.memory.virtual.bytes\", \"type\": \"avg\", \"id\": \"a14defa1-9d98-11e9-9e81-115d18bcfeaa\"}], \"split_mode\": \"everything\", \"chart_type\": \"line\", \"separate_axis\": 0, \"axis_position\": \"right\", \"formatter\": \"bytes\", \"id\": \"a14defa0-9d98-11e9-9e81-115d18bcfeaa\", \"fill\": 0.5}], \"axis_formatter\": \"number\", \"interval\": \"\", \"id\": \"61ca57f0-469d-11e7-af02-69e470af7417\", \"time_field\": \"\", \"show_legend\": 1, \"show_grid\": 1, \"axis_scale\": \"normal\", \"type\": \"timeseries\", \"axis_position\": \"left\"}, \"aggs\": [], \"title\": \"Scheduler Memory [Metricset Kubernetes]\"}"
            }, 
            "id": "84d9b200-9d98-11e9-b2ae-49acc4cbcea9", 
            "migrationVersion": {
                "visualization": "7.2.0"
            }, 
            "references": [], 
            "type": "visualization", 
            "updated_at": "2019-07-03T13:45:33.315Z", 
            "version": "WzI3MiwyXQ=="
        }
    ], 
    "version": "7.2.0"
}