{
    "objects": [
        {
            "attributes": {
                "description": "", 
                "kibanaSavedObjectMeta": {
                    "searchSourceJSON": "{\"filter\": []}"
                }, 
                "savedSearchId": "Metricbeat-Docker-ecs", 
                "title": "Docker containers [Metricbeat Docker] ECS", 
                "uiStateJSON": "{\"vis\": {\"params\": {\"sort\": {\"columnIndex\": 1, \"direction\": \"asc\"}}}}", 
                "version": 1, 
                "visState": "{\"type\": \"table\", \"listeners\": {}, \"params\": {\"sort\": {\"columnIndex\": null, \"direction\": null}, \"perPage\": 8, \"showPartialRows\": false, \"totalFunc\": \"sum\", \"showTotal\": true, \"showMeticsAtAllLevels\": false}, \"aggs\": [{\"params\": {\"orderBy\": \"1\", \"field\": \"container.name\", \"customLabel\": \"Name\", \"order\": \"desc\", \"size\": 5}, \"type\": \"terms\", \"enabled\": true, \"id\": \"2\", \"schema\": \"bucket\"}, {\"params\": {\"field\": \"docker.cpu.total.pct\", \"customLabel\": \"CPU usage (%)\"}, \"type\": \"max\", \"enabled\": true, \"id\": \"3\", \"schema\": \"metric\"}, {\"params\": {\"field\": \"docker.diskio.total\", \"customLabel\": \"DiskIO\"}, \"type\": \"max\", \"enabled\": true, \"id\": \"4\", \"schema\": \"metric\"}, {\"params\": {\"field\": \"docker.memory.usage.pct\", \"customLabel\": \"Mem (%)\"}, \"type\": \"max\", \"enabled\": true, \"id\": \"5\", \"schema\": \"metric\"}, {\"params\": {\"field\": \"docker.memory.rss.total\", \"customLabel\": \"Mem RSS\"}, \"type\": \"max\", \"enabled\": true, \"id\": \"6\", \"schema\": \"metric\"}, {\"params\": {\"field\": \"container.id\", \"customLabel\": \"Number of Containers\"}, \"type\": \"cardinality\", \"enabled\": true, \"id\": \"1\", \"schema\": \"metric\"}], \"title\": \"Docker containers [Metricbeat Docker] ECS\"}"
            }, 
            "col": 1, 
            "id": "Docker-containers-ecs", 
            "panelIndex": 1, 
            "row": 1, 
            "size_x": 7, 
            "size_y": 5, 
            "type": "visualization", 
            "version": 2
        }, 
        {
            "attributes": {
                "description": "", 
                "kibanaSavedObjectMeta": {
                    "searchSourceJSON": "{\"filter\": []}"
                }, 
                "savedSearchId": "Metricbeat-Docker-ecs", 
                "title": "Number of Containers [Metricbeat Docker] ECS", 
                "uiStateJSON": "{\"vis\": {\"defaultColors\": {\"0 - 100\": \"rgb(0,104,55)\"}}}", 
                "version": 1, 
                "visState": "{\"type\": \"metric\", \"listeners\": {}, \"params\": {\"addTooltip\": true, \"addLegend\": false, \"fontSize\": \"36\", \"handleNoResults\": true, \"gauge\": {\"useRange\": false, \"gaugeType\": \"Metric\", \"style\": {\"subText\": \"\", \"bgColor\": false, \"fontSize\": 60, \"labelColor\": false}, \"colorSchema\": \"Green to Red\", \"invertColors\": false, \"orientation\": \"vertical\", \"gaugeStyle\": \"Full\", \"autoExtend\": false, \"labels\": {\"color\": \"black\", \"show\": true}, \"backStyle\": \"Full\", \"colorsRange\": [{\"to\": 100, \"from\": 0}], \"scale\": {\"color\": \"#333\", \"width\": 2, \"labels\": false, \"show\": false}, \"verticalSplit\": false, \"percentageMode\": false, \"type\": \"simple\", \"gaugeColorMode\": \"None\"}, \"type\": \"gauge\"}, \"aggs\": [{\"params\": {\"field\": \"docker.info.containers.running\", \"customLabel\": \"Running\"}, \"type\": \"max\", \"enabled\": true, \"id\": \"2\", \"schema\": \"metric\"}, {\"params\": {\"field\": \"docker.info.containers.paused\", \"customLabel\": \"Paused\"}, \"type\": \"max\", \"enabled\": true, \"id\": \"3\", \"schema\": \"metric\"}, {\"params\": {\"field\": \"docker.info.containers.stopped\", \"customLabel\": \"Stopped\"}, \"type\": \"max\", \"enabled\": true, \"id\": \"4\", \"schema\": \"metric\"}], \"title\": \"Number of Containers [Metricbeat Docker] ECS\"}"
            }, 
            "col": 8, 
            "id": "Docker-Number-of-Containers-ecs", 
            "panelIndex": 2, 
            "row": 1, 
            "size_x": 5, 
            "size_y": 2, 
            "type": "visualization", 
            "version": 2
        }, 
        {
            "attributes": {
                "description": "", 
                "kibanaSavedObjectMeta": {
                    "searchSourceJSON": "{\"filter\": []}"
                }, 
                "savedSearchId": "Metricbeat-Docker-ecs", 
                "title": "Docker containers per host [Metricbeat Docker] ECS", 
                "uiStateJSON": "{}", 
                "version": 1, 
                "visState": "{\"type\": \"pie\", \"listeners\": {}, \"params\": {\"legendPosition\": \"bottom\", \"isDonut\": true, \"addTooltip\": true, \"shareYAxis\": true, \"addLegend\": true}, \"aggs\": [{\"params\": {\"field\": \"container.id\", \"customLabel\": \"Number of containers\"}, \"type\": \"cardinality\", \"enabled\": true, \"id\": \"1\", \"schema\": \"metric\"}, {\"params\": {\"orderBy\": \"1\", \"field\": \"agent.hostname\", \"customLabel\": \"Hosts\", \"order\": \"desc\", \"size\": 5}, \"type\": \"terms\", \"enabled\": true, \"id\": \"2\", \"schema\": \"segment\"}], \"title\": \"Docker containers per host [Metricbeat Docker] ECS\"}"
            }, 
            "col": 8, 
            "id": "Docker-containers-per-host-ecs", 
            "panelIndex": 3, 
            "row": 3, 
            "size_x": 2, 
            "size_y": 3, 
            "type": "visualization", 
            "version": 2
        }, 
        {
            "attributes": {
                "description": "", 
                "kibanaSavedObjectMeta": {
                    "searchSourceJSON": "{\"filter\": []}"
                }, 
                "savedSearchId": "Metricbeat-Docker-ecs", 
                "title": "Docker images and names [Metricbeat Docker] ECS", 
                "uiStateJSON": "{}", 
                "version": 1, 
                "visState": "{\"type\": \"pie\", \"listeners\": {}, \"params\": {\"legendPosition\": \"bottom\", \"isDonut\": true, \"addTooltip\": true, \"shareYAxis\": true, \"addLegend\": true}, \"aggs\": [{\"params\": {}, \"type\": \"count\", \"enabled\": true, \"id\": \"1\", \"schema\": \"metric\"}, {\"params\": {\"orderBy\": \"1\", \"field\": \"container.image.name\", \"order\": \"desc\", \"size\": 5}, \"type\": \"terms\", \"enabled\": true, \"id\": \"2\", \"schema\": \"segment\"}, {\"params\": {\"orderBy\": \"1\", \"field\": \"container.name\", \"order\": \"desc\", \"size\": 5}, \"type\": \"terms\", \"enabled\": true, \"id\": \"3\", \"schema\": \"segment\"}], \"title\": \"Docker images and names [Metricbeat Docker] ECS\"}"
            }, 
            "col": 10, 
            "id": "Docker-images-and-names-ecs", 
            "panelIndex": 7, 
            "row": 3, 
            "size_x": 3, 
            "size_y": 3, 
            "type": "visualization", 
            "version": 2
        }, 
        {
            "attributes": {
                "description": "", 
                "kibanaSavedObjectMeta": {
                    "searchSourceJSON": "{\"filter\": [], \"highlight\": {\"fields\": {\"*\": {}}, \"post_tags\": [\"@/kibana-highlighted-field@\"], \"pre_tags\": [\"@kibana-highlighted-field@\"], \"require_field_match\": false, \"fragment_size\": 2147483647}, \"query\": {\"query\": \"event.module:docker AND metricset.name:cpu\", \"language\": \"kuery\"}, \"index\": \"metricbeat-*\"}"
                }, 
                "title": "CPU usage [Metricbeat Docker] ECS", 
                "uiStateJSON": "{}", 
                "version": 1, 
                "visState": "{\"type\": \"area\", \"listeners\": {}, \"params\": {\"scale\": \"linear\", \"seriesParams\": [{\"showCircles\": true, \"show\": \"true\", \"type\": \"area\", \"interpolate\": \"linear\", \"mode\": \"stacked\", \"drawLinesBetweenPoints\": true, \"valueAxis\": \"ValueAxis-1\", \"data\": {\"id\": \"1\", \"label\": \"Count\"}}], \"yAxis\": {}, \"smoothLines\": true, \"categoryAxes\": [{\"style\": {}, \"scale\": {\"type\": \"linear\"}, \"show\": true, \"title\": {}, \"labels\": {\"truncate\": 100, \"show\": true}, \"position\": \"bottom\", \"type\": \"category\", \"id\": \"CategoryAxis-1\"}], \"legendPosition\": \"top\", \"addTimeMarker\": false, \"interpolate\": \"linear\", \"addLegend\": true, \"shareYAxis\": true, \"grid\": {\"style\": {\"color\": \"#eee\"}, \"categoryLines\": false}, \"mode\": \"stacked\", \"defaultYExtents\": false, \"setYExtents\": false, \"addTooltip\": true, \"valueAxes\": [{\"style\": {}, \"scale\": {\"type\": \"linear\", \"mode\": \"normal\"}, \"name\": \"LeftAxis-1\", \"show\": true, \"title\": {\"text\": \"Count\"}, \"labels\": {\"filter\": false, \"rotate\": 0, \"truncate\": 100, \"show\": true}, \"position\": \"left\", \"type\": \"value\", \"id\": \"ValueAxis-1\"}], \"times\": []}, \"aggs\": [{\"params\": {\"field\": \"docker.cpu.total.pct\", \"customLabel\": \"Total CPU time\", \"percents\": [75]}, \"type\": \"percentiles\", \"enabled\": true, \"id\": \"1\", \"schema\": \"metric\"}, {\"params\": {\"customInterval\": \"2h\", \"field\": \"@timestamp\", \"interval\": \"auto\", \"min_doc_count\": 1, \"extended_bounds\": {}}, \"type\": \"date_histogram\", \"enabled\": true, \"id\": \"2\", \"schema\": \"segment\"}, {\"params\": {\"orderBy\": \"1.75\", \"field\": \"container.name\", \"customLabel\": \"Container name\", \"order\": \"desc\", \"size\": 5}, \"type\": \"terms\", \"enabled\": true, \"id\": \"3\", \"schema\": \"group\"}], \"title\": \"CPU usage [Metricbeat Docker] ECS\"}"
            }, 
            "col": 1, 
            "id": "Docker-CPU-usage-ecs", 
            "panelIndex": 4, 
            "row": 6, 
            "size_x": 6, 
            "size_y": 3, 
            "type": "visualization", 
            "version": 2
        }, 
        {
            "attributes": {
                "description": "", 
                "kibanaSavedObjectMeta": {
                    "searchSourceJSON": "{\"filter\": [], \"highlight\": {\"fields\": {\"*\": {}}, \"post_tags\": [\"@/kibana-highlighted-field@\"], \"pre_tags\": [\"@kibana-highlighted-field@\"], \"require_field_match\": false, \"fragment_size\": 2147483647}, \"query\": {\"query\": \"event.module:docker AND metricset.name:memory\", \"language\": \"kuery\"}, \"index\": \"metricbeat-*\"}"
                }, 
                "title": "Memory usage [Metricbeat Docker] ECS", 
                "uiStateJSON": "{}", 
                "version": 1, 
                "visState": "{\"type\": \"area\", \"listeners\": {}, \"params\": {\"scale\": \"linear\", \"seriesParams\": [{\"showCircles\": true, \"show\": \"true\", \"type\": \"area\", \"interpolate\": \"linear\", \"mode\": \"stacked\", \"drawLinesBetweenPoints\": true, \"valueAxis\": \"ValueAxis-1\", \"data\": {\"id\": \"1\", \"label\": \"Count\"}}], \"yAxis\": {}, \"smoothLines\": false, \"categoryAxes\": [{\"style\": {}, \"scale\": {\"type\": \"linear\"}, \"show\": true, \"title\": {}, \"labels\": {\"truncate\": 100, \"show\": true}, \"position\": \"bottom\", \"type\": \"category\", \"id\": \"CategoryAxis-1\"}], \"legendPosition\": \"top\", \"addTimeMarker\": false, \"interpolate\": \"linear\", \"addLegend\": true, \"shareYAxis\": true, \"grid\": {\"style\": {\"color\": \"#eee\"}, \"categoryLines\": false}, \"mode\": \"stacked\", \"defaultYExtents\": false, \"setYExtents\": false, \"addTooltip\": true, \"valueAxes\": [{\"style\": {}, \"scale\": {\"type\": \"linear\", \"mode\": \"normal\"}, \"name\": \"LeftAxis-1\", \"show\": true, \"title\": {\"text\": \"Count\"}, \"labels\": {\"filter\": false, \"rotate\": 0, \"truncate\": 100, \"show\": true}, \"position\": \"left\", \"type\": \"value\", \"id\": \"ValueAxis-1\"}], \"times\": []}, \"aggs\": [{\"params\": {\"field\": \"docker.memory.usage.total\", \"customLabel\": \"Memory\"}, \"type\": \"max\", \"enabled\": true, \"id\": \"1\", \"schema\": \"metric\"}, {\"params\": {\"customInterval\": \"2h\", \"field\": \"@timestamp\", \"interval\": \"auto\", \"min_doc_count\": 1, \"extended_bounds\": {}}, \"type\": \"date_histogram\", \"enabled\": true, \"id\": \"2\", \"schema\": \"segment\"}, {\"params\": {\"orderBy\": \"1\", \"field\": \"container.name\", \"customLabel\": \"Container name\", \"order\": \"desc\", \"size\": 5}, \"type\": \"terms\", \"enabled\": true, \"id\": \"3\", \"schema\": \"group\"}], \"title\": \"Memory usage [Metricbeat Docker] ECS\"}"
            }, 
            "col": 7, 
            "id": "Docker-memory-usage-ecs", 
            "panelIndex": 5, 
            "row": 6, 
            "size_x": 6, 
            "size_y": 3, 
            "type": "visualization", 
            "version": 2
        }, 
        {
            "attributes": {
                "description": "", 
                "kibanaSavedObjectMeta": {
                    "searchSourceJSON": "{\"filter\": [], \"highlight\": {\"fields\": {\"*\": {}}, \"post_tags\": [\"@/kibana-highlighted-field@\"], \"pre_tags\": [\"@kibana-highlighted-field@\"], \"require_field_match\": false, \"fragment_size\": 2147483647}, \"query\": {\"query\": \"event.module:docker AND metricset.name:network\", \"language\": \"kuery\"}, \"index\": \"metricbeat-*\"}"
                }, 
                "title": "Network IO [Metricbeat Docker] ECS", 
                "uiStateJSON": "{}", 
                "version": 1, 
                "visState": "{\"type\": \"area\", \"listeners\": {}, \"params\": {\"scale\": \"linear\", \"seriesParams\": [{\"showCircles\": true, \"show\": \"true\", \"type\": \"area\", \"interpolate\": \"linear\", \"mode\": \"stacked\", \"drawLinesBetweenPoints\": true, \"valueAxis\": \"ValueAxis-1\", \"data\": {\"id\": \"1\", \"label\": \"Count\"}}], \"yAxis\": {}, \"smoothLines\": true, \"categoryAxes\": [{\"style\": {}, \"scale\": {\"type\": \"linear\"}, \"show\": true, \"title\": {}, \"labels\": {\"truncate\": 100, \"show\": true}, \"position\": \"bottom\", \"type\": \"category\", \"id\": \"CategoryAxis-1\"}], \"legendPosition\": \"top\", \"addTimeMarker\": false, \"interpolate\": \"linear\", \"addLegend\": true, \"shareYAxis\": true, \"grid\": {\"style\": {\"color\": \"#eee\"}, \"categoryLines\": false}, \"mode\": \"stacked\", \"defaultYExtents\": false, \"setYExtents\": false, \"addTooltip\": true, \"valueAxes\": [{\"style\": {}, \"scale\": {\"type\": \"linear\", \"mode\": \"normal\"}, \"name\": \"LeftAxis-1\", \"show\": true, \"title\": {\"text\": \"Count\"}, \"labels\": {\"filter\": false, \"rotate\": 0, \"truncate\": 100, \"show\": true}, \"position\": \"left\", \"type\": \"value\", \"id\": \"ValueAxis-1\"}], \"times\": []}, \"aggs\": [{\"params\": {\"field\": \"docker.network.in.bytes\", \"customLabel\": \"IN bytes\"}, \"type\": \"max\", \"enabled\": true, \"id\": \"1\", \"schema\": \"metric\"}, {\"params\": {\"customInterval\": \"2h\", \"field\": \"@timestamp\", \"interval\": \"auto\", \"min_doc_count\": 1, \"extended_bounds\": {}}, \"type\": \"date_histogram\", \"enabled\": true, \"id\": \"2\", \"schema\": \"segment\"}, {\"params\": {\"orderBy\": \"1\", \"field\": \"container.name\", \"customLabel\": \"Container name\", \"order\": \"desc\", \"size\": 5}, \"type\": \"terms\", \"enabled\": true, \"id\": \"3\", \"schema\": \"group\"}, {\"params\": {\"field\": \"docker.network.out.bytes\", \"customLabel\": \"OUT bytes\"}, \"type\": \"max\", \"enabled\": true, \"id\": \"4\", \"schema\": \"metric\"}], \"title\": \"Network IO [Metricbeat Docker] ECS\"}"
            }, 
            "col": 1, 
            "id": "Docker-Network-IO-ecs", 
            "panelIndex": 6, 
            "row": 9, 
            "size_x": 12, 
            "size_y": 3, 
            "type": "visualization", 
            "version": 2
        }, 
        {
            "attributes": {
                "columns": [
                    "_source"
                ], 
                "description": "", 
                "hits": 0, 
                "kibanaSavedObjectMeta": {
                    "searchSourceJSON": "{\"filter\": [], \"highlight\": {\"fields\": {\"*\": {}}, \"post_tags\": [\"@/kibana-highlighted-field@\"], \"pre_tags\": [\"@kibana-highlighted-field@\"], \"require_field_match\": false, \"fragment_size\": 2147483647}, \"query\": {\"query\": \"event.module:docker\", \"language\": \"kuery\"}, \"index\": \"metricbeat-*\"}"
                }, 
                "sort": [
                    "@timestamp", 
                    "desc"
                ], 
                "title": "Metricbeat Docker ECS", 
                "version": 1
            }, 
            "id": "Metricbeat-Docker-ecs", 
            "type": "search", 
            "version": 4
        }, 
        {
            "attributes": {
                "description": "Overview of docker containers", 
                "hits": 0, 
                "kibanaSavedObjectMeta": {
                    "searchSourceJSON": "{\"filter\": [], \"query\": {\"query\": \"\", \"language\": \"kuery\"}, \"version\": true, \"highlightAll\": true}"
                }, 
                "optionsJSON": "{\"darkTheme\": false}", 
                "panelsJSON": "[{\"type\": \"visualization\", \"id\": \"Docker-containers-ecs\", \"size_x\": 7, \"size_y\": 5, \"panelIndex\": 1, \"col\": 1, \"row\": 1}, {\"type\": \"visualization\", \"id\": \"Docker-Number-of-Containers-ecs\", \"size_x\": 5, \"size_y\": 2, \"panelIndex\": 2, \"col\": 8, \"row\": 1}, {\"type\": \"visualization\", \"id\": \"Docker-containers-per-host-ecs\", \"size_x\": 2, \"size_y\": 3, \"panelIndex\": 3, \"col\": 8, \"row\": 3}, {\"type\": \"visualization\", \"id\": \"Docker-images-and-names-ecs\", \"size_x\": 3, \"size_y\": 3, \"panelIndex\": 7, \"col\": 10, \"row\": 3}, {\"type\": \"visualization\", \"id\": \"Docker-CPU-usage-ecs\", \"size_x\": 6, \"size_y\": 3, \"panelIndex\": 4, \"col\": 1, \"row\": 6}, {\"type\": \"visualization\", \"id\": \"Docker-memory-usage-ecs\", \"size_x\": 6, \"size_y\": 3, \"panelIndex\": 5, \"col\": 7, \"row\": 6}, {\"type\": \"visualization\", \"id\": \"Docker-Network-IO-ecs\", \"size_x\": 12, \"size_y\": 3, \"panelIndex\": 6, \"col\": 1, \"row\": 9}]", 
                "timeRestore": false, 
                "title": "[Metricbeat Docker] Overview ECS", 
                "uiStateJSON": "{\"P-5\": {\"vis\": {\"legendOpen\": true}}, \"P-7\": {\"vis\": {\"legendOpen\": true}}, \"P-1\": {\"vis\": {\"params\": {\"sort\": {\"columnIndex\": 1, \"direction\": \"asc\"}}}}, \"P-2\": {\"vis\": {\"defaultColors\": {\"0 - 100\": \"rgb(0,104,55)\"}}}, \"P-3\": {\"vis\": {\"legendOpen\": true}}}", 
                "version": 1
            }, 
            "id": "AV4REOpp5NkDleZmzKkE-ecs", 
            "type": "dashboard", 
            "version": 3
        }
    ], 
    "version": "5.6.0-SNAPSHOT"
}