{
    "objects": [
        {
            "attributes": {
                "description": "", 
                "kibanaSavedObjectMeta": {
                    "searchSourceJSON": "{\"filter\": [], \"index\": \"metricbeat-*\", \"query\": {\"query\": \"\", \"language\": \"kuery\"}}"
                }, 
                "title": "User Connections [Metricbeat MSSQL] ECS", 
                "uiStateJSON": "{\"vis\": {\"legendOpen\": false}}", 
                "version": 1, 
                "visState": "{\"type\": \"line\", \"params\": {\"seriesParams\": [{\"showCircles\": true, \"show\": \"true\", \"type\": \"line\", \"interpolate\": \"linear\", \"mode\": \"normal\", \"drawLinesBetweenPoints\": true, \"valueAxis\": \"ValueAxis-1\", \"data\": {\"id\": \"1\", \"label\": \"Average mssql.performance.user_connections\"}}], \"type\": \"line\", \"categoryAxes\": [{\"style\": {}, \"scale\": {\"type\": \"linear\"}, \"show\": true, \"title\": {}, \"labels\": {\"truncate\": 100, \"show\": true}, \"position\": \"bottom\", \"type\": \"category\", \"id\": \"CategoryAxis-1\"}], \"legendPosition\": \"right\", \"addTimeMarker\": false, \"addLegend\": true, \"grid\": {\"valueAxis\": \"ValueAxis-1\", \"style\": {\"color\": \"#eee\"}, \"categoryLines\": true}, \"times\": [], \"addTooltip\": true, \"valueAxes\": [{\"style\": {}, \"scale\": {\"type\": \"linear\", \"mode\": \"normal\"}, \"name\": \"LeftAxis-1\", \"show\": true, \"title\": {\"text\": \"\"}, \"labels\": {\"filter\": false, \"rotate\": 0, \"truncate\": 100, \"show\": true}, \"position\": \"left\", \"type\": \"value\", \"id\": \"ValueAxis-1\"}]}, \"aggs\": [{\"params\": {\"field\": \"mssql.performance.user_connections\", \"customLabel\": \"\"}, \"type\": \"avg\", \"enabled\": true, \"id\": \"1\", \"schema\": \"metric\"}, {\"params\": {\"extended_bounds\": {}, \"field\": \"@timestamp\", \"interval\": \"auto\", \"time_zone\": \"Europe/Madrid\", \"useNormalizedEsInterval\": true, \"drop_partials\": false, \"min_doc_count\": 1, \"customInterval\": \"2h\"}, \"type\": \"date_histogram\", \"enabled\": true, \"id\": \"2\", \"schema\": \"segment\"}], \"title\": \"User Connections [Metricbeat MSSQL] ECS\"}"
            }, 
            "id": "7784db10-18ba-11e9-9836-f37dedd3b411-ecs", 
            "type": "visualization", 
            "updated_at": "2019-01-22T13:04:43.827Z", 
            "version": 8
        }, 
        {
            "attributes": {
                "description": "", 
                "kibanaSavedObjectMeta": {
                    "searchSourceJSON": "{\"filter\": [], \"index\": \"metricbeat-*\", \"query\": {\"query\": \"\", \"language\": \"kuery\"}}"
                }, 
                "title": "Transactions [Metricbeat MSSQL] ECS", 
                "uiStateJSON": "{\"vis\": {\"legendOpen\": false}}", 
                "version": 1, 
                "visState": "{\"type\": \"line\", \"params\": {\"seriesParams\": [{\"showCircles\": true, \"show\": \"true\", \"type\": \"line\", \"interpolate\": \"linear\", \"mode\": \"normal\", \"drawLinesBetweenPoints\": true, \"valueAxis\": \"ValueAxis-1\", \"data\": {\"id\": \"1\", \"label\": \"Average mssql.performance.transactions\"}}], \"type\": \"line\", \"categoryAxes\": [{\"style\": {}, \"scale\": {\"type\": \"linear\"}, \"show\": true, \"title\": {}, \"labels\": {\"truncate\": 100, \"show\": true}, \"position\": \"bottom\", \"type\": \"category\", \"id\": \"CategoryAxis-1\"}], \"legendPosition\": \"right\", \"addTimeMarker\": false, \"addLegend\": true, \"grid\": {\"valueAxis\": \"ValueAxis-1\", \"style\": {\"color\": \"#eee\"}, \"categoryLines\": true}, \"times\": [], \"addTooltip\": true, \"valueAxes\": [{\"style\": {}, \"scale\": {\"type\": \"linear\", \"mode\": \"normal\"}, \"name\": \"LeftAxis-1\", \"show\": true, \"title\": {\"text\": \"\"}, \"labels\": {\"filter\": false, \"rotate\": 0, \"truncate\": 100, \"show\": true}, \"position\": \"left\", \"type\": \"value\", \"id\": \"ValueAxis-1\"}]}, \"aggs\": [{\"params\": {\"field\": \"mssql.performance.transactions\", \"customLabel\": \"\"}, \"type\": \"avg\", \"enabled\": true, \"id\": \"1\", \"schema\": \"metric\"}, {\"params\": {\"extended_bounds\": {}, \"field\": \"@timestamp\", \"interval\": \"auto\", \"time_zone\": \"Europe/Madrid\", \"useNormalizedEsInterval\": true, \"drop_partials\": false, \"min_doc_count\": 1, \"customInterval\": \"2h\"}, \"type\": \"date_histogram\", \"enabled\": true, \"id\": \"2\", \"schema\": \"segment\"}], \"title\": \"Transactions [Metricbeat MSSQL] ECS\"}"
            }, 
            "id": "910f3f30-18ba-11e9-9836-f37dedd3b411-ecs", 
            "type": "visualization", 
            "updated_at": "2019-01-22T13:04:34.757Z", 
            "version": 8
        }, 
        {
            "attributes": {
                "description": "", 
                "kibanaSavedObjectMeta": {
                    "searchSourceJSON": "{\"filter\": [], \"index\": \"metricbeat-*\", \"query\": {\"query\": \"\", \"language\": \"kuery\"}}"
                }, 
                "title": "Lock Waits/sec [Metricbeat MSSQL] ECS", 
                "uiStateJSON": "{\"vis\": {\"legendOpen\": false}}", 
                "version": 1, 
                "visState": "{\"type\": \"line\", \"params\": {\"seriesParams\": [{\"showCircles\": true, \"show\": \"true\", \"type\": \"line\", \"interpolate\": \"linear\", \"mode\": \"normal\", \"drawLinesBetweenPoints\": true, \"valueAxis\": \"ValueAxis-1\", \"data\": {\"id\": \"1\", \"label\": \"Average mssql.performance.lock_waits_per_sec\"}}], \"type\": \"line\", \"categoryAxes\": [{\"style\": {}, \"scale\": {\"type\": \"linear\"}, \"show\": true, \"title\": {}, \"labels\": {\"truncate\": 100, \"show\": true}, \"position\": \"bottom\", \"type\": \"category\", \"id\": \"CategoryAxis-1\"}], \"legendPosition\": \"right\", \"addTimeMarker\": false, \"addLegend\": true, \"grid\": {\"valueAxis\": \"ValueAxis-1\", \"style\": {\"color\": \"#eee\"}, \"categoryLines\": true}, \"times\": [], \"addTooltip\": true, \"valueAxes\": [{\"style\": {}, \"scale\": {\"type\": \"linear\", \"mode\": \"normal\"}, \"name\": \"LeftAxis-1\", \"show\": true, \"title\": {\"text\": \"\"}, \"labels\": {\"filter\": false, \"rotate\": 0, \"truncate\": 100, \"show\": true}, \"position\": \"left\", \"type\": \"value\", \"id\": \"ValueAxis-1\"}]}, \"aggs\": [{\"params\": {\"field\": \"mssql.performance.lock_waits_per_sec\", \"customLabel\": \"\"}, \"type\": \"avg\", \"enabled\": true, \"id\": \"1\", \"schema\": \"metric\"}, {\"params\": {\"extended_bounds\": {}, \"field\": \"@timestamp\", \"interval\": \"auto\", \"time_zone\": \"Europe/Madrid\", \"useNormalizedEsInterval\": true, \"drop_partials\": false, \"min_doc_count\": 1, \"customInterval\": \"2h\"}, \"type\": \"date_histogram\", \"enabled\": true, \"id\": \"2\", \"schema\": \"segment\"}], \"title\": \"Lock Waits/sec [Metricbeat MSSQL] ECS\"}"
            }, 
            "id": "5bd5c230-18ba-11e9-9836-f37dedd3b411-ecs", 
            "type": "visualization", 
            "updated_at": "2019-01-22T13:04:24.139Z", 
            "version": 7
        }, 
        {
            "attributes": {
                "description": "", 
                "kibanaSavedObjectMeta": {
                    "searchSourceJSON": "{\"filter\": [], \"index\": \"metricbeat-*\", \"query\": {\"query\": \"\", \"language\": \"kuery\"}}"
                }, 
                "title": "Batch Requests/sec [Metricbeat MSSQL] ECS", 
                "uiStateJSON": "{}", 
                "version": 1, 
                "visState": "{\"type\": \"line\", \"params\": {\"seriesParams\": [{\"showCircles\": true, \"show\": \"true\", \"type\": \"line\", \"interpolate\": \"linear\", \"mode\": \"normal\", \"drawLinesBetweenPoints\": true, \"valueAxis\": \"ValueAxis-1\", \"data\": {\"id\": \"1\", \"label\": \"Derivative of Average mssql.performance.batch_requests_per_sec\"}}], \"type\": \"line\", \"categoryAxes\": [{\"style\": {}, \"scale\": {\"type\": \"linear\"}, \"show\": true, \"title\": {}, \"labels\": {\"truncate\": 100, \"show\": true}, \"position\": \"bottom\", \"type\": \"category\", \"id\": \"CategoryAxis-1\"}], \"legendPosition\": \"right\", \"addTimeMarker\": false, \"addLegend\": true, \"grid\": {\"valueAxis\": \"ValueAxis-1\", \"style\": {\"color\": \"#eee\"}, \"categoryLines\": true}, \"times\": [], \"addTooltip\": true, \"valueAxes\": [{\"style\": {}, \"scale\": {\"type\": \"linear\", \"mode\": \"normal\"}, \"name\": \"LeftAxis-1\", \"show\": true, \"title\": {\"text\": \"\"}, \"labels\": {\"filter\": false, \"rotate\": 0, \"truncate\": 100, \"show\": true}, \"position\": \"left\", \"type\": \"value\", \"id\": \"ValueAxis-1\"}]}, \"aggs\": [{\"params\": {\"customMetric\": {\"params\": {\"field\": \"mssql.performance.batch_requests_per_sec\"}, \"type\": \"avg\", \"enabled\": true, \"id\": \"1-metric\", \"schema\": \"metricAgg\"}, \"customLabel\": \"\", \"metricAgg\": \"custom\"}, \"type\": \"derivative\", \"enabled\": true, \"id\": \"1\", \"schema\": \"metric\"}, {\"params\": {\"extended_bounds\": {}, \"field\": \"@timestamp\", \"interval\": \"auto\", \"time_zone\": \"Europe/Madrid\", \"useNormalizedEsInterval\": true, \"drop_partials\": false, \"min_doc_count\": 0, \"customInterval\": \"2h\"}, \"type\": \"date_histogram\", \"enabled\": true, \"id\": \"2\", \"schema\": \"segment\"}], \"title\": \"Batch Requests/sec [Metricbeat MSSQL] ECS\"}"
            }, 
            "id": "b29a2160-18ba-11e9-9836-f37dedd3b411-ecs", 
            "type": "visualization", 
            "updated_at": "2019-01-22T13:03:10.853Z", 
            "version": 9
        }, 
        {
            "attributes": {
                "description": "", 
                "kibanaSavedObjectMeta": {
                    "searchSourceJSON": "{\"filter\": [], \"index\": \"metricbeat-*\", \"query\": {\"query\": \"\", \"language\": \"kuery\"}}"
                }, 
                "title": "Buffer Cache Hit Ratio [Metricbeat MSSQL] ECS", 
                "uiStateJSON": "{\"vis\": {\"legendOpen\": false}}", 
                "version": 1, 
                "visState": "{\"type\": \"line\", \"params\": {\"seriesParams\": [{\"showCircles\": true, \"show\": \"true\", \"type\": \"line\", \"interpolate\": \"linear\", \"mode\": \"normal\", \"drawLinesBetweenPoints\": true, \"valueAxis\": \"ValueAxis-1\", \"data\": {\"id\": \"1\", \"label\": \"Median mssql.performance.buffer.cache_hit.pct\"}}], \"type\": \"line\", \"categoryAxes\": [{\"style\": {}, \"scale\": {\"type\": \"linear\"}, \"show\": true, \"title\": {}, \"labels\": {\"truncate\": 100, \"show\": true}, \"position\": \"bottom\", \"type\": \"category\", \"id\": \"CategoryAxis-1\"}], \"legendPosition\": \"right\", \"addTimeMarker\": false, \"addLegend\": true, \"grid\": {\"valueAxis\": \"ValueAxis-1\", \"style\": {\"color\": \"#eee\"}, \"categoryLines\": true}, \"times\": [], \"addTooltip\": true, \"valueAxes\": [{\"style\": {}, \"scale\": {\"defaultYExtents\": false, \"type\": \"linear\", \"mode\": \"normal\"}, \"name\": \"LeftAxis-1\", \"show\": true, \"title\": {\"text\": \"\"}, \"labels\": {\"filter\": false, \"rotate\": 0, \"truncate\": 100, \"show\": true}, \"position\": \"left\", \"type\": \"value\", \"id\": \"ValueAxis-1\"}]}, \"aggs\": [{\"params\": {\"field\": \"mssql.performance.buffer.cache_hit.pct\", \"percents\": [50]}, \"type\": \"median\", \"enabled\": true, \"id\": \"1\", \"schema\": \"metric\"}, {\"params\": {\"extended_bounds\": {}, \"field\": \"@timestamp\", \"interval\": \"auto\", \"time_zone\": \"Europe/Madrid\", \"useNormalizedEsInterval\": true, \"drop_partials\": false, \"min_doc_count\": 0, \"customInterval\": \"2h\"}, \"type\": \"date_histogram\", \"enabled\": true, \"id\": \"2\", \"schema\": \"segment\"}], \"title\": \"Buffer Cache Hit Ratio [Metricbeat MSSQL] ECS\"}"
            }, 
            "id": "2e795230-1b2a-11e9-8b36-136038bb307a-ecs", 
            "type": "visualization", 
            "updated_at": "2019-01-22T13:04:16.184Z", 
            "version": 8
        }, 
        {
            "attributes": {
                "description": "A dashboard with key metrics about a MSSQL instance performance", 
                "hits": 0, 
                "kibanaSavedObjectMeta": {
                    "searchSourceJSON": "{\"filter\": [], \"query\": {\"query\": \"\", \"language\": \"kuery\"}}"
                }, 
                "optionsJSON": "{\"useMargins\": true, \"darkTheme\": false, \"hidePanelTitles\": false}", 
                "panelsJSON": "[{\"gridData\": {\"i\": \"1\", \"h\": 15, \"y\": 0, \"w\": 16, \"x\": 0}, \"title\": \"User Connections\", \"panelIndex\": \"1\", \"embeddableConfig\": {\"vis\": {\"legendOpen\": false}}, \"version\": \"7.0.0-alpha2\", \"type\": \"visualization\", \"id\": \"7784db10-18ba-11e9-9836-f37dedd3b411-ecs\"}, {\"gridData\": {\"i\": \"2\", \"h\": 15, \"y\": 15, \"w\": 32, \"x\": 16}, \"title\": \"Transactions\", \"panelIndex\": \"2\", \"embeddableConfig\": {\"vis\": {\"legendOpen\": false}}, \"version\": \"7.0.0-alpha2\", \"type\": \"visualization\", \"id\": \"910f3f30-18ba-11e9-9836-f37dedd3b411-ecs\"}, {\"gridData\": {\"i\": \"3\", \"h\": 15, \"y\": 0, \"w\": 16, \"x\": 32}, \"title\": \"Lock Waits/sec\", \"panelIndex\": \"3\", \"embeddableConfig\": {\"vis\": {\"legendOpen\": false}}, \"version\": \"7.0.0-alpha2\", \"type\": \"visualization\", \"id\": \"5bd5c230-18ba-11e9-9836-f37dedd3b411-ecs\"}, {\"gridData\": {\"i\": \"4\", \"h\": 15, \"y\": 0, \"w\": 16, \"x\": 16}, \"title\": \"Batch Requests/sec\", \"panelIndex\": \"4\", \"embeddableConfig\": {\"vis\": {\"legendOpen\": false}}, \"version\": \"7.0.0-alpha2\", \"type\": \"visualization\", \"id\": \"b29a2160-18ba-11e9-9836-f37dedd3b411-ecs\"}, {\"gridData\": {\"i\": \"5\", \"h\": 15, \"y\": 15, \"w\": 16, \"x\": 0}, \"title\": \"Buffer Cache Hit Ratio\", \"panelIndex\": \"5\", \"embeddableConfig\": {}, \"version\": \"7.0.0-alpha2\", \"type\": \"visualization\", \"id\": \"2e795230-1b2a-11e9-8b36-136038bb307a-ecs\"}]", 
                "timeRestore": false, 
                "title": "[Metricbeat MSSQL] Performance ECS", 
                "version": 1
            }, 
            "id": "a2ead240-18bb-11e9-9836-f37dedd3b411-ecs", 
            "type": "dashboard", 
            "updated_at": "2019-01-22T12:55:59.857Z", 
            "version": 11
        }
    ], 
    "version": "7.0.0-alpha2"
}