{
    "objects": [
        {
            "attributes": {
                "description": "", 
                "kibanaSavedObjectMeta": {
                    "searchSourceJSON": "{\"filter\": []}"
                }, 
                "savedSearchId": "MongoDB-search-ecs", 
                "title": "Hosts [Metricbeat MongoDB] ECS", 
                "uiStateJSON": "{\"vis\": {\"params\": {\"sort\": {\"columnIndex\": null, \"direction\": null}}}}", 
                "version": 1, 
                "visState": "{\"type\": \"table\", \"params\": {\"sort\": {\"columnIndex\": null, \"direction\": null}, \"perPage\": 10, \"showPartialRows\": false, \"totalFunc\": \"sum\", \"showTotal\": false, \"showMeticsAtAllLevels\": false}, \"aggs\": [{\"params\": {\"field\": \"mongodb.status.connections.current\", \"customLabel\": \"Number of connections\"}, \"type\": \"avg\", \"enabled\": true, \"id\": \"1\", \"schema\": \"metric\"}, {\"params\": {\"orderBy\": \"1\", \"field\": \"service.address\", \"order\": \"desc\", \"size\": 5}, \"type\": \"terms\", \"enabled\": true, \"id\": \"2\", \"schema\": \"bucket\"}, {\"params\": {\"field\": \"mongodb.status.memory.bits\", \"customLabel\": \"Arch\"}, \"type\": \"avg\", \"enabled\": true, \"id\": \"3\", \"schema\": \"metric\"}, {\"params\": {\"field\": \"mongodb.status.memory.resident.mb\", \"customLabel\": \"Resident memory\"}, \"type\": \"avg\", \"enabled\": true, \"id\": \"4\", \"schema\": \"metric\"}, {\"params\": {\"field\": \"mongodb.status.memory.virtual.mb\", \"customLabel\": \"Virtual memory\"}, \"type\": \"avg\", \"enabled\": true, \"id\": \"5\", \"schema\": \"metric\"}], \"title\": \"Hosts [Metricbeat MongoDB] ECS\"}"
            }, 
            "id": "MongoDB-hosts-ecs", 
            "type": "visualization", 
            "version": 2
        }, 
        {
            "attributes": {
                "description": "", 
                "kibanaSavedObjectMeta": {
                    "searchSourceJSON": "{\"filter\": []}"
                }, 
                "savedSearchId": "MongoDB-search-ecs", 
                "title": "Engine & Version [Metricbeat MongoDB] ECS", 
                "uiStateJSON": "{}", 
                "version": 1, 
                "visState": "{\"type\": \"pie\", \"params\": {\"addTooltip\": true, \"isDonut\": true, \"legendPosition\": \"bottom\", \"addLegend\": true, \"shareYAxis\": true, \"type\": \"pie\"}, \"aggs\": [{\"params\": {\"field\": \"service.address\"}, \"type\": \"cardinality\", \"enabled\": true, \"id\": \"1\", \"schema\": \"metric\"}, {\"params\": {\"orderBy\": \"1\", \"field\": \"mongodb.status.storage_engine.name\", \"customLabel\": \"Engine\", \"order\": \"desc\", \"size\": 5}, \"type\": \"terms\", \"enabled\": true, \"id\": \"2\", \"schema\": \"segment\"}, {\"params\": {\"orderBy\": \"1\", \"field\": \"service.version\", \"customLabel\": \"Version\", \"order\": \"desc\", \"size\": 5}, \"type\": \"terms\", \"enabled\": true, \"id\": \"3\", \"schema\": \"segment\"}], \"title\": \"Engine & Version [Metricbeat MongoDB] ECS\"}"
            }, 
            "id": "MongoDB-Engine-ampersand-Version-ecs", 
            "type": "visualization", 
            "version": 2
        }, 
        {
            "attributes": {
                "description": "", 
                "kibanaSavedObjectMeta": {
                    "searchSourceJSON": "{\"filter\": []}"
                }, 
                "savedSearchId": "MongoDB-search-ecs", 
                "title": "Operation counters [Metricbeat MongoDB] ECS", 
                "uiStateJSON": "{}", 
                "version": 1, 
                "visState": "{\"type\": \"area\", \"params\": {\"scale\": \"linear\", \"seriesParams\": [{\"showCircles\": true, \"show\": \"true\", \"type\": \"area\", \"interpolate\": \"linear\", \"mode\": \"stacked\", \"drawLinesBetweenPoints\": true, \"valueAxis\": \"ValueAxis-1\", \"data\": {\"id\": \"1\", \"label\": \"Count\"}}], \"yAxis\": {}, \"smoothLines\": false, \"categoryAxes\": [{\"style\": {}, \"scale\": {\"type\": \"linear\"}, \"show\": true, \"title\": {}, \"labels\": {\"truncate\": 100, \"show\": true}, \"position\": \"bottom\", \"type\": \"category\", \"id\": \"CategoryAxis-1\"}], \"legendPosition\": \"bottom\", \"addTimeMarker\": false, \"interpolate\": \"linear\", \"addLegend\": true, \"shareYAxis\": true, \"grid\": {\"style\": {\"color\": \"#eee\"}, \"categoryLines\": false}, \"mode\": \"stacked\", \"type\": \"area\", \"defaultYExtents\": false, \"setYExtents\": false, \"addTooltip\": true, \"valueAxes\": [{\"style\": {}, \"scale\": {\"type\": \"linear\", \"mode\": \"normal\"}, \"name\": \"LeftAxis-1\", \"show\": true, \"title\": {\"text\": \"Count\"}, \"labels\": {\"filter\": false, \"rotate\": 0, \"truncate\": 100, \"show\": true}, \"position\": \"left\", \"type\": \"value\", \"id\": \"ValueAxis-1\"}], \"times\": []}, \"aggs\": [{\"params\": {\"field\": \"mongodb.status.ops.counters.command\", \"customLabel\": \"command\"}, \"type\": \"avg\", \"enabled\": true, \"id\": \"1\", \"schema\": \"metric\"}, {\"params\": {\"customInterval\": \"2h\", \"field\": \"@timestamp\", \"interval\": \"auto\", \"min_doc_count\": 1, \"extended_bounds\": {}}, \"type\": \"date_histogram\", \"enabled\": true, \"id\": \"2\", \"schema\": \"segment\"}, {\"params\": {\"field\": \"mongodb.status.ops.counters.delete\", \"customLabel\": \"delete\"}, \"type\": \"avg\", \"enabled\": true, \"id\": \"3\", \"schema\": \"metric\"}, {\"params\": {\"field\": \"mongodb.status.ops.counters.getmore\", \"customLabel\": \"getmore\"}, \"type\": \"avg\", \"enabled\": true, \"id\": \"4\", \"schema\": \"metric\"}, {\"params\": {\"field\": \"mongodb.status.ops.counters.insert\", \"customLabel\": \"insert\"}, \"type\": \"avg\", \"enabled\": true, \"id\": \"5\", \"schema\": \"metric\"}, {\"params\": {\"field\": \"mongodb.status.ops.counters.query\", \"customLabel\": \"query\"}, \"type\": \"avg\", \"enabled\": true, \"id\": \"6\", \"schema\": \"metric\"}, {\"params\": {\"field\": \"mongodb.status.ops.replicated.update\", \"customLabel\": \"update\"}, \"type\": \"avg\", \"enabled\": true, \"id\": \"7\", \"schema\": \"metric\"}], \"title\": \"Operation counters [Metricbeat MongoDB] ECS\"}"
            }, 
            "id": "MongoDB-operation-counters-ecs", 
            "type": "visualization", 
            "version": 2
        }, 
        {
            "attributes": {
                "description": "", 
                "kibanaSavedObjectMeta": {
                    "searchSourceJSON": "{\"filter\": []}"
                }, 
                "savedSearchId": "MongoDB-search-ecs", 
                "title": "Concurrent transactions Read [Metricbeat MongoDB] ECS", 
                "uiStateJSON": "{\"vis\": {\"colors\": {\"Read Used\": \"#BF1B00\", \"Read Available\": \"#508642\"}}}", 
                "version": 1, 
                "visState": "{\"type\": \"area\", \"params\": {\"scale\": \"linear\", \"seriesParams\": [{\"showCircles\": true, \"show\": \"true\", \"type\": \"area\", \"interpolate\": \"linear\", \"mode\": \"stacked\", \"drawLinesBetweenPoints\": true, \"valueAxis\": \"ValueAxis-1\", \"data\": {\"id\": \"1\", \"label\": \"Count\"}}], \"yAxis\": {}, \"smoothLines\": false, \"categoryAxes\": [{\"style\": {}, \"scale\": {\"type\": \"linear\"}, \"show\": true, \"title\": {}, \"labels\": {\"truncate\": 100, \"show\": true}, \"position\": \"bottom\", \"type\": \"category\", \"id\": \"CategoryAxis-1\"}], \"legendPosition\": \"bottom\", \"addTimeMarker\": false, \"interpolate\": \"linear\", \"addLegend\": true, \"shareYAxis\": true, \"grid\": {\"style\": {\"color\": \"#eee\"}, \"categoryLines\": false}, \"mode\": \"stacked\", \"type\": \"area\", \"defaultYExtents\": false, \"setYExtents\": false, \"addTooltip\": true, \"valueAxes\": [{\"style\": {}, \"scale\": {\"type\": \"linear\", \"mode\": \"normal\"}, \"name\": \"LeftAxis-1\", \"show\": true, \"title\": {\"text\": \"Count\"}, \"labels\": {\"filter\": false, \"rotate\": 0, \"truncate\": 100, \"show\": true}, \"position\": \"left\", \"type\": \"value\", \"id\": \"ValueAxis-1\"}], \"times\": []}, \"aggs\": [{\"params\": {\"field\": \"mongodb.status.wired_tiger.concurrent_transactions.read.available\", \"customLabel\": \"Read Available\"}, \"type\": \"avg\", \"enabled\": true, \"id\": \"1\", \"schema\": \"metric\"}, {\"params\": {\"customInterval\": \"2h\", \"field\": \"@timestamp\", \"interval\": \"auto\", \"min_doc_count\": 1, \"extended_bounds\": {}}, \"type\": \"date_histogram\", \"enabled\": true, \"id\": \"2\", \"schema\": \"segment\"}, {\"params\": {\"field\": \"mongodb.status.wired_tiger.concurrent_transactions.read.out\", \"customLabel\": \"Read Used\"}, \"type\": \"avg\", \"enabled\": true, \"id\": \"3\", \"schema\": \"metric\"}], \"title\": \"Concurrent transactions Read [Metricbeat MongoDB] ECS\"}"
            }, 
            "id": "MongoDB-Concurrent-transactions-Read-ecs", 
            "type": "visualization", 
            "version": 2
        }, 
        {
            "attributes": {
                "description": "", 
                "kibanaSavedObjectMeta": {
                    "searchSourceJSON": "{\"filter\": []}"
                }, 
                "savedSearchId": "MongoDB-search-ecs", 
                "title": "Concurrent transactions Write [Metricbeat MongoDB] ECS", 
                "uiStateJSON": "{\"vis\": {\"colors\": {\"Write Used\": \"#BF1B00\", \"Write Available\": \"#629E51\"}}}", 
                "version": 1, 
                "visState": "{\"type\": \"area\", \"params\": {\"scale\": \"linear\", \"seriesParams\": [{\"showCircles\": true, \"show\": \"true\", \"type\": \"area\", \"interpolate\": \"linear\", \"mode\": \"stacked\", \"drawLinesBetweenPoints\": true, \"valueAxis\": \"ValueAxis-1\", \"data\": {\"id\": \"1\", \"label\": \"Count\"}}], \"yAxis\": {}, \"smoothLines\": false, \"categoryAxes\": [{\"style\": {}, \"scale\": {\"type\": \"linear\"}, \"show\": true, \"title\": {}, \"labels\": {\"truncate\": 100, \"show\": true}, \"position\": \"bottom\", \"type\": \"category\", \"id\": \"CategoryAxis-1\"}], \"legendPosition\": \"bottom\", \"addTimeMarker\": false, \"interpolate\": \"linear\", \"addLegend\": true, \"shareYAxis\": true, \"grid\": {\"style\": {\"color\": \"#eee\"}, \"categoryLines\": false}, \"mode\": \"stacked\", \"type\": \"area\", \"defaultYExtents\": false, \"setYExtents\": false, \"addTooltip\": true, \"valueAxes\": [{\"style\": {}, \"scale\": {\"type\": \"linear\", \"mode\": \"normal\"}, \"name\": \"LeftAxis-1\", \"show\": true, \"title\": {\"text\": \"Count\"}, \"labels\": {\"filter\": false, \"rotate\": 0, \"truncate\": 100, \"show\": true}, \"position\": \"left\", \"type\": \"value\", \"id\": \"ValueAxis-1\"}], \"times\": []}, \"aggs\": [{\"params\": {\"field\": \"mongodb.status.wired_tiger.concurrent_transactions.write.available\", \"customLabel\": \"Write Available\"}, \"type\": \"avg\", \"enabled\": true, \"id\": \"1\", \"schema\": \"metric\"}, {\"params\": {\"customInterval\": \"2h\", \"field\": \"@timestamp\", \"interval\": \"auto\", \"min_doc_count\": 1, \"extended_bounds\": {}}, \"type\": \"date_histogram\", \"enabled\": true, \"id\": \"2\", \"schema\": \"segment\"}, {\"params\": {\"field\": \"mongodb.status.wired_tiger.concurrent_transactions.write.out\", \"customLabel\": \"Write Used\"}, \"type\": \"avg\", \"enabled\": true, \"id\": \"3\", \"schema\": \"metric\"}], \"title\": \"Concurrent transactions Write [Metricbeat MongoDB] ECS\"}"
            }, 
            "id": "MongoDB-Concurrent-transactions-Write-ecs", 
            "type": "visualization", 
            "version": 2
        }, 
        {
            "attributes": {
                "description": "", 
                "kibanaSavedObjectMeta": {
                    "searchSourceJSON": "{\"filter\": []}"
                }, 
                "savedSearchId": "MongoDB-search-ecs", 
                "title": "Memory stats [Metricbeat MongoDB] ECS", 
                "uiStateJSON": "{}", 
                "version": 1, 
                "visState": "{\"type\": \"line\", \"params\": {\"scale\": \"log\", \"seriesParams\": [{\"showCircles\": true, \"show\": \"true\", \"data\": {\"id\": \"1\", \"label\": \"Count\"}, \"mode\": \"normal\", \"drawLinesBetweenPoints\": true, \"valueAxis\": \"ValueAxis-1\", \"type\": \"line\"}], \"yAxis\": {}, \"smoothLines\": false, \"times\": [], \"categoryAxes\": [{\"style\": {}, \"scale\": {\"type\": \"linear\"}, \"show\": true, \"title\": {}, \"labels\": {\"truncate\": 100, \"show\": true}, \"position\": \"bottom\", \"type\": \"category\", \"id\": \"CategoryAxis-1\"}], \"legendPosition\": \"bottom\", \"addTimeMarker\": false, \"interpolate\": \"linear\", \"addLegend\": true, \"shareYAxis\": true, \"grid\": {\"style\": {\"color\": \"#eee\"}, \"categoryLines\": false}, \"drawLinesBetweenPoints\": true, \"type\": \"line\", \"defaultYExtents\": false, \"radiusRatio\": 9, \"setYExtents\": false, \"addTooltip\": true, \"valueAxes\": [{\"style\": {}, \"scale\": {\"type\": \"linear\", \"mode\": \"normal\"}, \"name\": \"LeftAxis-1\", \"show\": true, \"title\": {\"text\": \"Count\"}, \"labels\": {\"filter\": false, \"rotate\": 0, \"truncate\": 100, \"show\": true}, \"position\": \"left\", \"type\": \"value\", \"id\": \"ValueAxis-1\"}], \"showCircles\": true}, \"aggs\": [{\"params\": {\"field\": \"mongodb.status.memory.mapped.mb\", \"customLabel\": \"Mapped\"}, \"type\": \"avg\", \"enabled\": true, \"id\": \"1\", \"schema\": \"metric\"}, {\"params\": {\"customInterval\": \"2h\", \"field\": \"@timestamp\", \"interval\": \"auto\", \"min_doc_count\": 1, \"extended_bounds\": {}}, \"type\": \"date_histogram\", \"enabled\": true, \"id\": \"2\", \"schema\": \"segment\"}, {\"params\": {\"field\": \"mongodb.status.memory.mapped_with_journal.mb\", \"customLabel\": \"Mapped with journal\"}, \"type\": \"avg\", \"enabled\": true, \"id\": \"3\", \"schema\": \"metric\"}, {\"params\": {\"field\": \"mongodb.status.memory.resident.mb\", \"customLabel\": \"Rezident\"}, \"type\": \"avg\", \"enabled\": true, \"id\": \"4\", \"schema\": \"metric\"}, {\"params\": {\"field\": \"mongodb.status.memory.virtual.mb\", \"customLabel\": \"Virtual\"}, \"type\": \"avg\", \"enabled\": true, \"id\": \"5\", \"schema\": \"metric\"}], \"title\": \"Memory stats [Metricbeat MongoDB] ECS\"}"
            }, 
            "id": "MongoDB-memory-stats-ecs", 
            "type": "visualization", 
            "version": 2
        }, 
        {
            "attributes": {
                "description": "", 
                "kibanaSavedObjectMeta": {
                    "searchSourceJSON": "{\"filter\": []}"
                }, 
                "savedSearchId": "MongoDB-search-ecs", 
                "title": "Asserts [Metricbeat MongoDB] ECS", 
                "uiStateJSON": "{}", 
                "version": 1, 
                "visState": "{\"type\": \"area\", \"params\": {\"scale\": \"linear\", \"seriesParams\": [{\"showCircles\": true, \"show\": \"true\", \"type\": \"area\", \"interpolate\": \"linear\", \"mode\": \"stacked\", \"drawLinesBetweenPoints\": true, \"valueAxis\": \"ValueAxis-1\", \"data\": {\"id\": \"1\", \"label\": \"Count\"}}], \"yAxis\": {}, \"smoothLines\": false, \"categoryAxes\": [{\"style\": {}, \"scale\": {\"type\": \"linear\"}, \"show\": true, \"title\": {}, \"labels\": {\"truncate\": 100, \"show\": true}, \"position\": \"bottom\", \"type\": \"category\", \"id\": \"CategoryAxis-1\"}], \"legendPosition\": \"bottom\", \"addTimeMarker\": false, \"interpolate\": \"linear\", \"addLegend\": true, \"shareYAxis\": true, \"grid\": {\"style\": {\"color\": \"#eee\"}, \"categoryLines\": false}, \"mode\": \"stacked\", \"type\": \"area\", \"defaultYExtents\": false, \"setYExtents\": false, \"addTooltip\": true, \"valueAxes\": [{\"style\": {}, \"scale\": {\"type\": \"linear\", \"mode\": \"normal\"}, \"name\": \"LeftAxis-1\", \"show\": true, \"title\": {\"text\": \"Count\"}, \"labels\": {\"filter\": false, \"rotate\": 0, \"truncate\": 100, \"show\": true}, \"position\": \"left\", \"type\": \"value\", \"id\": \"ValueAxis-1\"}], \"times\": []}, \"aggs\": [{\"params\": {\"field\": \"mongodb.status.asserts.msg\", \"customLabel\": \"message\"}, \"type\": \"max\", \"enabled\": true, \"id\": \"1\", \"schema\": \"metric\"}, {\"params\": {\"customInterval\": \"2h\", \"field\": \"@timestamp\", \"interval\": \"auto\", \"min_doc_count\": 1, \"extended_bounds\": {}}, \"type\": \"date_histogram\", \"enabled\": true, \"id\": \"2\", \"schema\": \"segment\"}, {\"params\": {\"field\": \"mongodb.status.asserts.regular\", \"customLabel\": \"regular\"}, \"type\": \"max\", \"enabled\": true, \"id\": \"3\", \"schema\": \"metric\"}, {\"params\": {\"field\": \"mongodb.status.asserts.rollovers\", \"customLabel\": \"rollover\"}, \"type\": \"max\", \"enabled\": true, \"id\": \"4\", \"schema\": \"metric\"}, {\"params\": {\"field\": \"mongodb.status.asserts.user\", \"customLabel\": \"user\"}, \"type\": \"max\", \"enabled\": true, \"id\": \"5\", \"schema\": \"metric\"}, {\"params\": {\"field\": \"mongodb.status.asserts.warning\", \"customLabel\": \"warning\"}, \"type\": \"max\", \"enabled\": true, \"id\": \"6\", \"schema\": \"metric\"}], \"title\": \"Asserts [Metricbeat MongoDB] ECS\"}"
            }, 
            "id": "MongoDB-asserts-ecs", 
            "type": "visualization", 
            "version": 2
        }, 
        {
            "attributes": {
                "description": "", 
                "kibanaSavedObjectMeta": {
                    "searchSourceJSON": "{\"filter\": []}"
                }, 
                "savedSearchId": "MongoDB-search-ecs", 
                "title": "WiredTiger Cache [Metricbeat MongoDB] ECS", 
                "uiStateJSON": "{}", 
                "version": 1, 
                "visState": "{\"type\": \"area\", \"params\": {\"scale\": \"linear\", \"seriesParams\": [{\"showCircles\": true, \"show\": \"true\", \"type\": \"area\", \"interpolate\": \"linear\", \"mode\": \"stacked\", \"drawLinesBetweenPoints\": true, \"valueAxis\": \"ValueAxis-1\", \"data\": {\"id\": \"1\", \"label\": \"Count\"}}], \"yAxis\": {}, \"smoothLines\": false, \"categoryAxes\": [{\"style\": {}, \"scale\": {\"type\": \"linear\"}, \"show\": true, \"title\": {}, \"labels\": {\"truncate\": 100, \"show\": true}, \"position\": \"bottom\", \"type\": \"category\", \"id\": \"CategoryAxis-1\"}], \"legendPosition\": \"bottom\", \"addTimeMarker\": false, \"interpolate\": \"linear\", \"addLegend\": true, \"shareYAxis\": true, \"grid\": {\"style\": {\"color\": \"#eee\"}, \"categoryLines\": false}, \"mode\": \"overlap\", \"type\": \"area\", \"defaultYExtents\": false, \"setYExtents\": false, \"addTooltip\": true, \"valueAxes\": [{\"style\": {}, \"scale\": {\"type\": \"linear\", \"mode\": \"normal\"}, \"name\": \"LeftAxis-1\", \"show\": true, \"title\": {\"text\": \"Count\"}, \"labels\": {\"filter\": false, \"rotate\": 0, \"truncate\": 100, \"show\": true}, \"position\": \"left\", \"type\": \"value\", \"id\": \"ValueAxis-1\"}], \"times\": []}, \"aggs\": [{\"params\": {\"field\": \"mongodb.status.wired_tiger.cache.maximum.bytes\", \"customLabel\": \"max\"}, \"type\": \"avg\", \"enabled\": true, \"id\": \"1\", \"schema\": \"metric\"}, {\"params\": {\"customInterval\": \"2h\", \"field\": \"@timestamp\", \"interval\": \"auto\", \"min_doc_count\": 1, \"extended_bounds\": {}}, \"type\": \"date_histogram\", \"enabled\": true, \"id\": \"2\", \"schema\": \"segment\"}, {\"params\": {\"field\": \"mongodb.status.wired_tiger.cache.used.bytes\", \"customLabel\": \"used\"}, \"type\": \"avg\", \"enabled\": true, \"id\": \"3\", \"schema\": \"metric\"}, {\"params\": {\"field\": \"mongodb.status.wired_tiger.cache.dirty.bytes\", \"customLabel\": \"dirty\"}, \"type\": \"avg\", \"enabled\": true, \"id\": \"4\", \"schema\": \"metric\"}], \"title\": \"WiredTiger Cache [Metricbeat MongoDB] ECS\"}"
            }, 
            "id": "MongoDB-WiredTiger-Cache-ecs", 
            "type": "visualization", 
            "version": 2
        }, 
        {
            "attributes": {
                "columns": [
                    "_source"
                ], 
                "description": "", 
                "hits": 0, 
                "kibanaSavedObjectMeta": {
                    "searchSourceJSON": "{\"filter\": [], \"highlight\": {\"fields\": {\"*\": {}}, \"post_tags\": [\"@/kibana-highlighted-field@\"], \"pre_tags\": [\"@kibana-highlighted-field@\"], \"require_field_match\": false, \"fragment_size\": 2147483647}, \"query\": {\"query\": \"event.module:mongodb\", \"language\": \"kuery\"}, \"index\": \"metricbeat-*\"}"
                }, 
                "sort": [
                    "@timestamp", 
                    "desc"
                ], 
                "title": "MongoDB search ECS", 
                "version": 1
            }, 
            "id": "MongoDB-search-ecs", 
            "type": "search", 
            "version": 1
        }, 
        {
            "attributes": {
                "description": "Overview of MongoDB server status", 
                "hits": 0, 
                "kibanaSavedObjectMeta": {
                    "searchSourceJSON": "{\"filter\": [], \"query\": {\"query\": \"\", \"language\": \"kuery\"}, \"version\": true, \"highlightAll\": true}"
                }, 
                "optionsJSON": "{\"darkTheme\": false}", 
                "panelsJSON": "[{\"type\": \"visualization\", \"id\": \"MongoDB-hosts-ecs\", \"size_x\": 8, \"size_y\": 3, \"panelIndex\": 1, \"col\": 1, \"row\": 1}, {\"type\": \"visualization\", \"id\": \"MongoDB-Engine-ampersand-Version-ecs\", \"size_x\": 4, \"size_y\": 3, \"panelIndex\": 4, \"col\": 9, \"row\": 1}, {\"type\": \"visualization\", \"id\": \"MongoDB-operation-counters-ecs\", \"size_x\": 6, \"size_y\": 3, \"panelIndex\": 2, \"col\": 1, \"row\": 4}, {\"type\": \"visualization\", \"id\": \"MongoDB-Concurrent-transactions-Read-ecs\", \"size_x\": 3, \"size_y\": 3, \"panelIndex\": 6, \"col\": 7, \"row\": 4}, {\"type\": \"visualization\", \"id\": \"MongoDB-Concurrent-transactions-Write-ecs\", \"size_x\": 3, \"size_y\": 3, \"panelIndex\": 7, \"col\": 10, \"row\": 4}, {\"type\": \"visualization\", \"id\": \"MongoDB-memory-stats-ecs\", \"size_x\": 12, \"size_y\": 4, \"panelIndex\": 5, \"col\": 1, \"row\": 10}, {\"type\": \"visualization\", \"id\": \"MongoDB-asserts-ecs\", \"size_x\": 6, \"size_y\": 3, \"panelIndex\": 3, \"col\": 7, \"row\": 7}, {\"type\": \"visualization\", \"id\": \"MongoDB-WiredTiger-Cache-ecs\", \"size_x\": 6, \"size_y\": 3, \"panelIndex\": 8, \"col\": 1, \"row\": 7}]", 
                "timeRestore": false, 
                "title": "[Metricbeat MongoDB] Overview ECS", 
                "uiStateJSON": "{\"P-1\": {\"vis\": {\"params\": {\"sort\": {\"columnIndex\": null, \"direction\": null}}}}}", 
                "version": 1
            }, 
            "id": "Metricbeat-MongoDB-ecs", 
            "type": "dashboard", 
            "version": 3
        }
    ], 
    "version": "6.0.0-beta1-SNAPSHOT"
}