{
    "objects": [
        {
            "attributes": {
                "description": "Overview of Consul", 
                "hits": 0, 
                "kibanaSavedObjectMeta": {
                    "searchSourceJSON": "{\"filter\": [], \"query\": {\"query\": \"\", \"language\": \"lucene\"}}"
                }, 
                "optionsJSON": "{\"useMargins\": true, \"hidePanelTitles\": false}", 
                "panelsJSON": "[{\"gridData\": {\"i\": \"1\", \"h\": 15, \"y\": 0, \"w\": 24, \"x\": 0}, \"title\": \"Garbage Collector stats\", \"embeddableConfig\": {}, \"version\": \"7.0.0-SNAPSHOT\", \"panelRefName\": \"panel_0\", \"panelIndex\": \"1\"}, {\"gridData\": {\"i\": \"2\", \"h\": 15, \"y\": 15, \"w\": 16, \"x\": 15}, \"title\": \"Goroutines\", \"embeddableConfig\": {}, \"version\": \"7.0.0-SNAPSHOT\", \"panelRefName\": \"panel_1\", \"panelIndex\": \"2\"}, {\"gridData\": {\"i\": \"3\", \"h\": 15, \"y\": 0, \"w\": 24, \"x\": 24}, \"title\": \"Bytes Allocated\", \"embeddableConfig\": {}, \"version\": \"7.0.0-SNAPSHOT\", \"panelRefName\": \"panel_2\", \"panelIndex\": \"3\"}, {\"gridData\": {\"i\": \"4\", \"h\": 15, \"y\": 15, \"w\": 17, \"x\": 31}, \"title\": \"Heap Objects\", \"embeddableConfig\": {}, \"version\": \"7.0.0-SNAPSHOT\", \"panelRefName\": \"panel_3\", \"panelIndex\": \"4\"}, {\"gridData\": {\"i\": \"5\", \"h\": 15, \"y\": 15, \"w\": 15, \"x\": 0}, \"title\": \"Bytes of memory obtained from the OS\", \"embeddableConfig\": {}, \"version\": \"7.0.0-SNAPSHOT\", \"panelRefName\": \"panel_4\", \"panelIndex\": \"5\"}, {\"gridData\": {\"i\": \"6\", \"h\": 15, \"y\": 30, \"w\": 16, \"x\": 31}, \"title\": \"Malloc count\", \"embeddableConfig\": {}, \"version\": \"7.0.0-SNAPSHOT\", \"panelRefName\": \"panel_5\", \"panelIndex\": \"6\"}, {\"gridData\": {\"i\": \"7\", \"h\": 15, \"y\": 30, \"w\": 14, \"x\": 0}, \"title\": \"Garbage Collector pause ms\", \"embeddableConfig\": {}, \"version\": \"7.0.0-SNAPSHOT\", \"panelRefName\": \"panel_6\", \"panelIndex\": \"7\"}, {\"gridData\": {\"i\": \"8\", \"h\": 15, \"y\": 30, \"w\": 17, \"x\": 14}, \"title\": \"Garbage Collector Runs\", \"embeddableConfig\": {}, \"version\": \"7.0.0-SNAPSHOT\", \"panelRefName\": \"panel_7\", \"panelIndex\": \"8\"}]", 
                "timeRestore": false, 
                "title": "[Metricbeat Consul] Overview", 
                "version": 1
            }, 
            "id": "6d0cf140-2deb-11e9-bf7e-f35bf5d2e71b", 
            "migrationVersion": {
                "dashboard": "7.0.0"
            }, 
            "references": [
                {
                    "id": "dda0c950-2dea-11e9-bf7e-f35bf5d2e71b", 
                    "name": "panel_0", 
                    "type": "visualization"
                }, 
                {
                    "id": "ea842730-2de9-11e9-bf7e-f35bf5d2e71b", 
                    "name": "panel_1", 
                    "type": "visualization"
                }, 
                {
                    "id": "6c39d4b0-2de9-11e9-bf7e-f35bf5d2e71b", 
                    "name": "panel_2", 
                    "type": "visualization"
                }, 
                {
                    "id": "37c75bc0-2dea-11e9-bf7e-f35bf5d2e71b", 
                    "name": "panel_3", 
                    "type": "visualization"
                }, 
                {
                    "id": "69b29820-2dea-11e9-bf7e-f35bf5d2e71b", 
                    "name": "panel_4", 
                    "type": "visualization"
                }, 
                {
                    "id": "8ab67000-2dea-11e9-bf7e-f35bf5d2e71b", 
                    "name": "panel_5", 
                    "type": "visualization"
                }, 
                {
                    "id": "d275dbc0-2de9-11e9-bf7e-f35bf5d2e71b", 
                    "name": "panel_6", 
                    "type": "visualization"
                }, 
                {
                    "id": "1e97c1d0-2dea-11e9-bf7e-f35bf5d2e71b", 
                    "name": "panel_7", 
                    "type": "visualization"
                }
            ], 
            "type": "dashboard", 
            "updated_at": "2019-02-11T10:55:39.323Z", 
            "version": "WzU5NywzXQ=="
        }, 
        {
            "attributes": {
                "description": "", 
                "kibanaSavedObjectMeta": {
                    "searchSourceJSON": "{\"filter\": [], \"query\": {\"query\": \"\", \"language\": \"lucene\"}}"
                }, 
                "title": "Garbage Collector stats [Metricbeat Consul]", 
                "uiStateJSON": "{}", 
                "version": 1, 
                "visState": "{\"type\": \"metrics\", \"params\": {\"time_field\": \"@timestamp\", \"series\": [{\"line_width\": \"1\", \"point_size\": 1, \"color\": \"#68BC00\", \"stacked\": \"none\", \"value_template\": \"{{value}} ms\", \"label\": \"Pause time\", \"metrics\": [{\"field\": \"consul.agent.runtime.garbage_collector.pause.current.ns\", \"type\": \"avg\", \"id\": \"61ca57f2-469d-11e7-af02-69e470af7417\"}], \"split_mode\": \"everything\", \"chart_type\": \"line\", \"separate_axis\": 0, \"axis_position\": \"right\", \"formatter\": \"ns,ms,2\", \"id\": \"61ca57f1-469d-11e7-af02-69e470af7417\", \"fill\": \"0\"}, {\"line_width\": 1, \"point_size\": 1, \"color\": \"rgba(115,216,255,1)\", \"stacked\": \"none\", \"label\": \"Runs\", \"metrics\": [{\"field\": \"consul.agent.runtime.garbage_collector.runs\", \"type\": \"sum\", \"id\": \"9728a011-2dea-11e9-83ed-b7c793d35de5\"}, {\"field\": \"9728a011-2dea-11e9-83ed-b7c793d35de5\", \"type\": \"derivative\", \"id\": \"9ed22480-2dea-11e9-83ed-b7c793d35de5\", \"unit\": \"\"}], \"steps\": 1, \"split_mode\": \"everything\", \"chart_type\": \"bar\", \"separate_axis\": 1, \"axis_position\": \"right\", \"formatter\": \"number\", \"id\": \"9728a010-2dea-11e9-83ed-b7c793d35de5\", \"fill\": \"0.5\"}], \"axis_formatter\": \"number\", \"interval\": \"auto\", \"axis_position\": \"left\", \"id\": \"61ca57f0-469d-11e7-af02-69e470af7417\", \"show_legend\": 1, \"show_grid\": 1, \"index_pattern\": \"metricbeat-*\", \"type\": \"timeseries\", \"axis_scale\": \"normal\"}, \"aggs\": [], \"title\": \"Garbage Collector stats [Metricbeat Consul]\"}"
            }, 
            "id": "dda0c950-2dea-11e9-bf7e-f35bf5d2e71b", 
            "migrationVersion": {
                "visualization": "7.0.0"
            }, 
            "references": [], 
            "type": "visualization", 
            "updated_at": "2019-02-11T10:55:03.187Z", 
            "version": "WzU5NSwzXQ=="
        }, 
        {
            "attributes": {
                "description": "", 
                "kibanaSavedObjectMeta": {
                    "searchSourceJSON": "{\"filter\": [], \"query\": {\"query\": \"\", \"language\": \"lucene\"}}"
                }, 
                "title": "Goroutines [Metricbeat Consul]", 
                "uiStateJSON": "{}", 
                "version": 1, 
                "visState": "{\"type\": \"metrics\", \"params\": {\"time_field\": \"@timestamp\", \"series\": [{\"line_width\": 1, \"point_size\": 1, \"color\": \"#68BC00\", \"stacked\": \"none\", \"label\": \"Goroutines\", \"metrics\": [{\"field\": \"consul.agent.runtime.goroutines\", \"type\": \"avg\", \"id\": \"61ca57f2-469d-11e7-af02-69e470af7417\"}], \"split_mode\": \"everything\", \"chart_type\": \"line\", \"separate_axis\": 0, \"axis_position\": \"right\", \"formatter\": \"number\", \"id\": \"61ca57f1-469d-11e7-af02-69e470af7417\", \"fill\": 0.5}], \"axis_formatter\": \"number\", \"interval\": \"auto\", \"show_legend\": 1, \"axis_position\": \"left\", \"id\": \"61ca57f0-469d-11e7-af02-69e470af7417\", \"axis_min\": \"0\", \"show_grid\": 1, \"index_pattern\": \"metricbeat-*\", \"type\": \"timeseries\", \"axis_scale\": \"normal\"}, \"aggs\": [], \"title\": \"Goroutines [Metricbeat Consul]\"}"
            }, 
            "id": "ea842730-2de9-11e9-bf7e-f35bf5d2e71b", 
            "migrationVersion": {
                "visualization": "7.0.0"
            }, 
            "references": [], 
            "type": "visualization", 
            "updated_at": "2019-02-11T10:43:49.667Z", 
            "version": "WzU4NywzXQ=="
        }, 
        {
            "attributes": {
                "description": "", 
                "kibanaSavedObjectMeta": {
                    "searchSourceJSON": "{\"filter\": [], \"query\": {\"query\": \"\", \"language\": \"lucene\"}}"
                }, 
                "title": "Bytes Allocated [Metricbeat Consul]", 
                "uiStateJSON": "{}", 
                "version": 1, 
                "visState": "{\"type\": \"metrics\", \"params\": {\"time_field\": \"@timestamp\", \"series\": [{\"line_width\": 1, \"point_size\": 1, \"color\": \"#68BC00\", \"stacked\": \"none\", \"label\": \"Bytes allocated\", \"metrics\": [{\"field\": \"consul.agent.runtime.alloc.bytes\", \"type\": \"avg\", \"id\": \"61ca57f2-469d-11e7-af02-69e470af7417\"}], \"split_mode\": \"everything\", \"chart_type\": \"line\", \"separate_axis\": 0, \"axis_position\": \"right\", \"formatter\": \"bytes\", \"id\": \"61ca57f1-469d-11e7-af02-69e470af7417\", \"fill\": 0.5}], \"axis_formatter\": \"number\", \"interval\": \"auto\", \"show_legend\": 1, \"axis_position\": \"left\", \"id\": \"61ca57f0-469d-11e7-af02-69e470af7417\", \"axis_min\": \"0\", \"show_grid\": 1, \"index_pattern\": \"metricbeat-*\", \"type\": \"timeseries\", \"axis_scale\": \"normal\"}, \"aggs\": [], \"title\": \"Bytes Allocated [Metricbeat Consul]\"}"
            }, 
            "id": "6c39d4b0-2de9-11e9-bf7e-f35bf5d2e71b", 
            "migrationVersion": {
                "visualization": "7.0.0"
            }, 
            "references": [], 
            "type": "visualization", 
            "updated_at": "2019-02-11T10:40:41.790Z", 
            "version": "WzU4NSwzXQ=="
        }, 
        {
            "attributes": {
                "description": "", 
                "kibanaSavedObjectMeta": {
                    "searchSourceJSON": "{\"filter\": [], \"query\": {\"query\": \"\", \"language\": \"lucene\"}}"
                }, 
                "title": "Heap Objects [Metricbeat Consul]", 
                "uiStateJSON": "{}", 
                "version": 1, 
                "visState": "{\"type\": \"metrics\", \"params\": {\"time_field\": \"@timestamp\", \"series\": [{\"line_width\": 1, \"point_size\": 1, \"color\": \"#68BC00\", \"stacked\": \"none\", \"label\": \"Heap Objects\", \"metrics\": [{\"field\": \"consul.agent.runtime.heap_objects\", \"type\": \"avg\", \"id\": \"61ca57f2-469d-11e7-af02-69e470af7417\"}], \"split_mode\": \"everything\", \"chart_type\": \"line\", \"separate_axis\": 0, \"axis_position\": \"right\", \"formatter\": \"number\", \"id\": \"61ca57f1-469d-11e7-af02-69e470af7417\", \"fill\": 0.5}], \"axis_formatter\": \"number\", \"interval\": \"auto\", \"show_legend\": 1, \"axis_position\": \"left\", \"id\": \"61ca57f0-469d-11e7-af02-69e470af7417\", \"axis_min\": \"0\", \"show_grid\": 1, \"index_pattern\": \"metricbeat-*\", \"type\": \"timeseries\", \"axis_scale\": \"normal\"}, \"aggs\": [], \"title\": \"Heap Objects [Metricbeat Consul]\"}"
            }, 
            "id": "37c75bc0-2dea-11e9-bf7e-f35bf5d2e71b", 
            "migrationVersion": {
                "visualization": "7.0.0"
            }, 
            "references": [], 
            "type": "visualization", 
            "updated_at": "2019-02-11T10:45:59.292Z", 
            "version": "WzU4OSwzXQ=="
        }, 
        {
            "attributes": {
                "description": "", 
                "kibanaSavedObjectMeta": {
                    "searchSourceJSON": "{\"filter\": [], \"query\": {\"query\": \"\", \"language\": \"lucene\"}}"
                }, 
                "title": "Bytes of memory obtained from the OS [Metricbeat Consul]", 
                "uiStateJSON": "{}", 
                "version": 1, 
                "visState": "{\"type\": \"metrics\", \"params\": {\"time_field\": \"@timestamp\", \"series\": [{\"line_width\": 1, \"point_size\": 1, \"color\": \"#68BC00\", \"stacked\": \"none\", \"label\": \"Bytes of memory obtained from the OS\", \"metrics\": [{\"field\": \"consul.agent.runtime.sys.bytes\", \"type\": \"avg\", \"id\": \"61ca57f2-469d-11e7-af02-69e470af7417\"}], \"split_mode\": \"everything\", \"chart_type\": \"line\", \"separate_axis\": 0, \"axis_position\": \"right\", \"formatter\": \"bytes\", \"id\": \"61ca57f1-469d-11e7-af02-69e470af7417\", \"fill\": 0.5}], \"axis_formatter\": \"number\", \"interval\": \"auto\", \"show_legend\": 1, \"axis_position\": \"left\", \"id\": \"61ca57f0-469d-11e7-af02-69e470af7417\", \"axis_min\": \"0\", \"show_grid\": 1, \"index_pattern\": \"metricbeat-*\", \"type\": \"timeseries\", \"axis_scale\": \"normal\"}, \"aggs\": [], \"title\": \"Bytes of memory obtained from the OS [Metricbeat Consul]\"}"
            }, 
            "id": "69b29820-2dea-11e9-bf7e-f35bf5d2e71b", 
            "migrationVersion": {
                "visualization": "7.0.0"
            }, 
            "references": [], 
            "type": "visualization", 
            "updated_at": "2019-02-11T10:47:23.042Z", 
            "version": "WzU5MCwzXQ=="
        }, 
        {
            "attributes": {
                "description": "", 
                "kibanaSavedObjectMeta": {
                    "searchSourceJSON": "{\"filter\": [], \"query\": {\"query\": \"\", \"language\": \"lucene\"}}"
                }, 
                "title": "Malloc count [Metricbeat Consul]", 
                "uiStateJSON": "{}", 
                "version": 1, 
                "visState": "{\"type\": \"metrics\", \"params\": {\"time_field\": \"@timestamp\", \"series\": [{\"line_width\": 1, \"point_size\": 1, \"color\": \"#68BC00\", \"stacked\": \"none\", \"label\": \"Malloc Count\", \"metrics\": [{\"field\": \"consul.agent.runtime.malloc_count\", \"type\": \"sum\", \"id\": \"61ca57f2-469d-11e7-af02-69e470af7417\"}, {\"field\": \"61ca57f2-469d-11e7-af02-69e470af7417\", \"type\": \"derivative\", \"id\": \"7a6e0aa0-2dea-11e9-83ed-b7c793d35de5\", \"unit\": \"\"}], \"split_mode\": \"everything\", \"chart_type\": \"line\", \"separate_axis\": 0, \"axis_position\": \"right\", \"formatter\": \"number\", \"id\": \"61ca57f1-469d-11e7-af02-69e470af7417\", \"fill\": 0.5}], \"axis_formatter\": \"number\", \"interval\": \"auto\", \"show_legend\": 1, \"axis_position\": \"left\", \"id\": \"61ca57f0-469d-11e7-af02-69e470af7417\", \"axis_min\": \"0\", \"show_grid\": 1, \"index_pattern\": \"metricbeat-*\", \"type\": \"timeseries\", \"axis_scale\": \"normal\"}, \"aggs\": [], \"title\": \"Malloc count [Metricbeat Consul]\"}"
            }, 
            "id": "8ab67000-2dea-11e9-bf7e-f35bf5d2e71b", 
            "migrationVersion": {
                "visualization": "7.0.0"
            }, 
            "references": [], 
            "type": "visualization", 
            "updated_at": "2019-02-11T10:48:18.432Z", 
            "version": "WzU5MSwzXQ=="
        }, 
        {
            "attributes": {
                "description": "", 
                "kibanaSavedObjectMeta": {
                    "searchSourceJSON": "{\"filter\": [], \"query\": {\"query\": \"\", \"language\": \"lucene\"}}"
                }, 
                "title": "Garbage Collector pause ms [Metricbeat Consul]", 
                "uiStateJSON": "{}", 
                "version": 1, 
                "visState": "{\"type\": \"metrics\", \"params\": {\"time_field\": \"@timestamp\", \"series\": [{\"line_width\": 1, \"point_size\": 1, \"color\": \"#68BC00\", \"stacked\": \"none\", \"value_template\": \"{{value}} ms\", \"label\": \"Garbage Collector pause\", \"metrics\": [{\"field\": \"consul.agent.runtime.garbage_collector.pause.current.ns\", \"type\": \"avg\", \"id\": \"61ca57f2-469d-11e7-af02-69e470af7417\"}], \"split_mode\": \"everything\", \"chart_type\": \"line\", \"separate_axis\": 0, \"axis_position\": \"right\", \"formatter\": \"ns,ms,4\", \"id\": \"61ca57f1-469d-11e7-af02-69e470af7417\", \"fill\": 0.5}], \"axis_formatter\": \"number\", \"interval\": \"auto\", \"show_legend\": 1, \"axis_position\": \"left\", \"id\": \"61ca57f0-469d-11e7-af02-69e470af7417\", \"axis_min\": \"0\", \"show_grid\": 1, \"index_pattern\": \"metricbeat-*\", \"type\": \"timeseries\", \"axis_scale\": \"normal\"}, \"aggs\": [], \"title\": \"Garbage Collector pause ms [Metricbeat Consul]\"}"
            }, 
            "id": "d275dbc0-2de9-11e9-bf7e-f35bf5d2e71b", 
            "migrationVersion": {
                "visualization": "7.0.0"
            }, 
            "references": [], 
            "type": "visualization", 
            "updated_at": "2019-02-11T10:43:09.308Z", 
            "version": "WzU4NiwzXQ=="
        }, 
        {
            "attributes": {
                "description": "", 
                "kibanaSavedObjectMeta": {
                    "searchSourceJSON": "{\"filter\": [], \"query\": {\"query\": \"\", \"language\": \"lucene\"}}"
                }, 
                "title": "Garbage Collector Runs [Metricbeat Consul]", 
                "uiStateJSON": "{}", 
                "version": 1, 
                "visState": "{\"type\": \"metrics\", \"params\": {\"time_field\": \"@timestamp\", \"series\": [{\"line_width\": 1, \"point_size\": 1, \"color\": \"#68BC00\", \"stacked\": \"none\", \"label\": \"Garbage Collector Runs\", \"metrics\": [{\"field\": \"consul.agent.runtime.garbage_collector.runs\", \"type\": \"sum\", \"id\": \"61ca57f2-469d-11e7-af02-69e470af7417\"}, {\"field\": \"61ca57f2-469d-11e7-af02-69e470af7417\", \"type\": \"derivative\", \"id\": \"ffaa1fc0-2de9-11e9-83ed-b7c793d35de5\", \"unit\": \"\"}], \"steps\": 1, \"split_mode\": \"everything\", \"chart_type\": \"line\", \"separate_axis\": 0, \"axis_position\": \"right\", \"formatter\": \"number\", \"id\": \"61ca57f1-469d-11e7-af02-69e470af7417\", \"fill\": 0.5}], \"axis_formatter\": \"number\", \"interval\": \"auto\", \"show_legend\": 1, \"axis_position\": \"left\", \"id\": \"61ca57f0-469d-11e7-af02-69e470af7417\", \"axis_min\": \"0\", \"show_grid\": 1, \"index_pattern\": \"metricbeat-*\", \"type\": \"timeseries\", \"axis_scale\": \"normal\"}, \"aggs\": [], \"title\": \"Garbage Collector Runs [Metricbeat Consul]\"}"
            }, 
            "id": "1e97c1d0-2dea-11e9-bf7e-f35bf5d2e71b", 
            "migrationVersion": {
                "visualization": "7.0.0"
            }, 
            "references": [], 
            "type": "visualization", 
            "updated_at": "2019-02-11T10:51:44.187Z", 
            "version": "WzU5MywzXQ=="
        }
    ], 
    "version": "7.0.0-SNAPSHOT"
}