{
    "objects": [
        {
            "attributes": {
                "description": "", 
                "kibanaSavedObjectMeta": {
                    "searchSourceJSON": "{\"filter\": [], \"query\": {\"query\": \"\", \"language\": \"kuery\"}}"
                }, 
                "title": "Recovery size of transaction log [Metricbeat MSSQL] ECS", 
                "uiStateJSON": "{}", 
                "version": 1, 
                "visState": "{\"type\": \"metrics\", \"params\": {\"time_field\": \"@timestamp\", \"series\": [{\"line_width\": 1, \"terms_field\": \"mssql.database.name\", \"point_size\": 1, \"color\": \"#68BC00\", \"stacked\": \"none\", \"label\": \"Recovery size of transaction log\", \"metrics\": [{\"field\": \"mssql.transaction_log.stats.recovery_size.bytes\", \"type\": \"avg\", \"id\": \"61ca57f2-469d-11e7-af02-69e470af7417\"}], \"split_filters\": [{\"color\": \"#68BC00\", \"id\": \"de4cb6c0-1fb2-11e9-9c8a-cb3f85dff2a3\"}], \"split_mode\": \"terms\", \"chart_type\": \"line\", \"separate_axis\": 0, \"axis_position\": \"right\", \"formatter\": \"bytes\", \"id\": \"61ca57f1-469d-11e7-af02-69e470af7417\", \"fill\": 0.5}], \"axis_formatter\": \"number\", \"interval\": \"auto\", \"axis_position\": \"left\", \"id\": \"61ca57f0-469d-11e7-af02-69e470af7417\", \"show_legend\": 1, \"show_grid\": 1, \"index_pattern\": \"metricbeat-*\", \"type\": \"timeseries\", \"axis_scale\": \"normal\"}, \"aggs\": [], \"title\": \"Recovery size of transaction log [Metricbeat MSSQL] ECS\"}"
            }, 
            "id": "e9654a40-1fb2-11e9-8a4d-eb34d2834f6b-ecs", 
            "migrationVersion": {
                "visualization": "7.0.0"
            }, 
            "type": "visualization", 
            "updated_at": "2019-02-01T10:13:18.406Z", 
            "version": 1
        }, 
        {
            "attributes": {
                "description": "", 
                "kibanaSavedObjectMeta": {
                    "searchSourceJSON": "{\"filter\": [], \"query\": {\"query\": \"\", \"language\": \"kuery\"}}"
                }, 
                "title": "Transaction log size since last checkpoint [Metricbeat MSSQL] ECS", 
                "uiStateJSON": "{}", 
                "version": 1, 
                "visState": "{\"type\": \"metrics\", \"params\": {\"time_field\": \"@timestamp\", \"series\": [{\"line_width\": 1, \"terms_field\": \"mssql.database.name\", \"point_size\": 1, \"color\": \"#68BC00\", \"stacked\": \"none\", \"label\": \"Transaction log size since last checkpoint\", \"metrics\": [{\"field\": \"mssql.transaction_log.stats.since_last_checkpoint.bytes\", \"type\": \"avg\", \"id\": \"61ca57f2-469d-11e7-af02-69e470af7417\"}], \"split_mode\": \"terms\", \"chart_type\": \"line\", \"separate_axis\": 0, \"axis_position\": \"right\", \"formatter\": \"bytes\", \"id\": \"61ca57f1-469d-11e7-af02-69e470af7417\", \"fill\": 0.5}], \"axis_formatter\": \"number\", \"interval\": \"auto\", \"axis_position\": \"left\", \"id\": \"61ca57f0-469d-11e7-af02-69e470af7417\", \"show_legend\": 1, \"show_grid\": 1, \"index_pattern\": \"metricbeat-*\", \"type\": \"timeseries\", \"axis_scale\": \"normal\"}, \"aggs\": [], \"title\": \"Transaction log size since last checkpoint [Metricbeat MSSQL] ECS\"}"
            }, 
            "id": "1757d530-1fb3-11e9-8a4d-eb34d2834f6b-ecs", 
            "migrationVersion": {
                "visualization": "7.0.0"
            }, 
            "type": "visualization", 
            "updated_at": "2019-02-01T10:13:18.406Z", 
            "version": 1
        }, 
        {
            "attributes": {
                "description": "", 
                "kibanaSavedObjectMeta": {
                    "searchSourceJSON": "{\"filter\": [], \"query\": {\"query\": \"\", \"language\": \"kuery\"}}"
                }, 
                "title": "Percentage of used space of transaction log [Metricbeat MSSQL] ECS", 
                "uiStateJSON": "{}", 
                "version": 1, 
                "visState": "{\"type\": \"metrics\", \"params\": {\"time_field\": \"@timestamp\", \"series\": [{\"line_width\": 1, \"terms_field\": \"mssql.database.name\", \"point_size\": 1, \"color\": \"#68BC00\", \"stacked\": \"percent\", \"label\": \"Percentage of used space of transaction log\", \"metrics\": [{\"field\": \"mssql.transaction_log.space_usage.used.pct\", \"type\": \"avg\", \"id\": \"61ca57f2-469d-11e7-af02-69e470af7417\"}], \"split_mode\": \"terms\", \"chart_type\": \"line\", \"separate_axis\": 0, \"axis_position\": \"right\", \"formatter\": \"percent\", \"id\": \"61ca57f1-469d-11e7-af02-69e470af7417\", \"fill\": 0.5}], \"axis_formatter\": \"number\", \"interval\": \"auto\", \"axis_position\": \"left\", \"id\": \"61ca57f0-469d-11e7-af02-69e470af7417\", \"show_legend\": 1, \"show_grid\": 1, \"index_pattern\": \"metricbeat-*\", \"type\": \"timeseries\", \"axis_scale\": \"normal\"}, \"aggs\": [], \"title\": \"Percentage of used space of transaction log [Metricbeat MSSQL] ECS\"}"
            }, 
            "id": "a55bb000-1fb2-11e9-8a4d-eb34d2834f6b-ecs", 
            "migrationVersion": {
                "visualization": "7.0.0"
            }, 
            "type": "visualization", 
            "updated_at": "2019-02-01T10:13:18.406Z", 
            "version": 1
        }, 
        {
            "attributes": {
                "description": "", 
                "kibanaSavedObjectMeta": {
                    "searchSourceJSON": "{\"filter\": [], \"query\": {\"query\": \"\", \"language\": \"kuery\"}}"
                }, 
                "title": "Log space size since last backup [Metricbeat MSSQL] ECS", 
                "uiStateJSON": "{}", 
                "version": 1, 
                "visState": "{\"type\": \"metrics\", \"params\": {\"time_field\": \"@timestamp\", \"series\": [{\"line_width\": 1, \"terms_field\": \"mssql.database.name\", \"point_size\": 1, \"color\": \"#68BC00\", \"stacked\": \"none\", \"label\": \"\", \"metrics\": [{\"field\": \"mssql.transaction_log.space_usage.since_last_backup.bytes\", \"type\": \"avg\", \"id\": \"61ca57f2-469d-11e7-af02-69e470af7417\"}], \"split_mode\": \"terms\", \"chart_type\": \"line\", \"separate_axis\": 0, \"axis_position\": \"right\", \"formatter\": \"number\", \"id\": \"61ca57f1-469d-11e7-af02-69e470af7417\", \"fill\": 0.5}], \"axis_formatter\": \"number\", \"interval\": \"auto\", \"axis_position\": \"left\", \"id\": \"61ca57f0-469d-11e7-af02-69e470af7417\", \"show_legend\": 1, \"show_grid\": 1, \"index_pattern\": \"metricbeat-*\", \"type\": \"timeseries\", \"axis_scale\": \"normal\"}, \"aggs\": [], \"title\": \"Log space size since last backup [Metricbeat MSSQL] ECS\"}"
            }, 
            "id": "edb7a0c0-1f2b-11e9-8a4d-eb34d2834f6b-ecs", 
            "migrationVersion": {
                "visualization": "7.0.0"
            }, 
            "type": "visualization", 
            "updated_at": "2019-02-01T10:13:18.406Z", 
            "version": 1
        }, 
        {
            "attributes": {
                "description": "", 
                "kibanaSavedObjectMeta": {
                    "searchSourceJSON": "{\"filter\": [], \"query\": {\"query\": \"\", \"language\": \"kuery\"}}"
                }, 
                "title": "Active size of transaction log [Metricbeat MSSQL] ECS", 
                "uiStateJSON": "{}", 
                "version": 1, 
                "visState": "{\"type\": \"metrics\", \"params\": {\"time_field\": \"@timestamp\", \"series\": [{\"line_width\": 1, \"terms_field\": \"mssql.database.name\", \"point_size\": 1, \"color\": \"#68BC00\", \"stacked\": \"none\", \"label\": \"Active size of transaction log\", \"metrics\": [{\"field\": \"mssql.transaction_log.stats.active_size.bytes\", \"type\": \"avg\", \"id\": \"61ca57f2-469d-11e7-af02-69e470af7417\"}], \"split_mode\": \"terms\", \"chart_type\": \"line\", \"separate_axis\": 0, \"axis_position\": \"right\", \"formatter\": \"bytes\", \"id\": \"61ca57f1-469d-11e7-af02-69e470af7417\", \"fill\": 0.5}], \"axis_formatter\": \"number\", \"interval\": \"auto\", \"axis_position\": \"left\", \"id\": \"61ca57f0-469d-11e7-af02-69e470af7417\", \"show_legend\": 1, \"show_grid\": 1, \"index_pattern\": \"metricbeat-*\", \"type\": \"timeseries\", \"axis_scale\": \"normal\"}, \"aggs\": [], \"title\": \"Active size of transaction log [Metricbeat MSSQL] ECS\"}"
            }, 
            "id": "c9ead180-1fb2-11e9-8a4d-eb34d2834f6b-ecs", 
            "migrationVersion": {
                "visualization": "7.0.0"
            }, 
            "type": "visualization", 
            "updated_at": "2019-02-01T10:13:18.406Z", 
            "version": 1
        }, 
        {
            "attributes": {
                "description": "", 
                "kibanaSavedObjectMeta": {
                    "searchSourceJSON": "{\"filter\": [], \"query\": {\"query\": \"\", \"language\": \"kuery\"}}"
                }, 
                "title": "Used space of transaction log [Metricbeat MSSQL] ECS", 
                "uiStateJSON": "{}", 
                "version": 1, 
                "visState": "{\"type\": \"metrics\", \"params\": {\"time_field\": \"@timestamp\", \"series\": [{\"line_width\": 1, \"terms_field\": \"mssql.database.name\", \"point_size\": 1, \"color\": \"#68BC00\", \"stacked\": \"none\", \"label\": \"Used space of transaction log\", \"metrics\": [{\"field\": \"mssql.transaction_log.space_usage.used.bytes\", \"type\": \"avg\", \"id\": \"61ca57f2-469d-11e7-af02-69e470af7417\"}], \"split_mode\": \"terms\", \"chart_type\": \"line\", \"separate_axis\": 0, \"axis_position\": \"right\", \"formatter\": \"bytes\", \"id\": \"61ca57f1-469d-11e7-af02-69e470af7417\", \"fill\": 0.5}], \"axis_formatter\": \"number\", \"interval\": \"auto\", \"axis_position\": \"left\", \"id\": \"61ca57f0-469d-11e7-af02-69e470af7417\", \"show_legend\": 1, \"show_grid\": 1, \"index_pattern\": \"metricbeat-*\", \"type\": \"timeseries\", \"axis_scale\": \"normal\"}, \"aggs\": [], \"title\": \"Used space of transaction log [Metricbeat MSSQL] ECS\"}"
            }, 
            "id": "68fa61b0-1fb2-11e9-8a4d-eb34d2834f6b-ecs", 
            "migrationVersion": {
                "visualization": "7.0.0"
            }, 
            "type": "visualization", 
            "updated_at": "2019-02-01T10:13:18.406Z", 
            "version": 1
        }, 
        {
            "attributes": {
                "description": "", 
                "kibanaSavedObjectMeta": {
                    "searchSourceJSON": "{\"filter\": [], \"query\": {\"query\": \"\", \"language\": \"kuery\"}}"
                }, 
                "title": "Total log space usage [Metricbeat MSSQL] ECS", 
                "uiStateJSON": "{}", 
                "version": 1, 
                "visState": "{\"type\": \"metrics\", \"params\": {\"time_field\": \"@timestamp\", \"series\": [{\"line_width\": 1, \"terms_field\": \"mssql.database.name\", \"point_size\": 1, \"color\": \"#68BC00\", \"stacked\": \"stacked\", \"label\": \"Total log space usage\", \"metrics\": [{\"field\": \"mssql.transaction_log.space_usage.total.bytes\", \"type\": \"avg\", \"id\": \"61ca57f2-469d-11e7-af02-69e470af7417\"}], \"split_mode\": \"terms\", \"chart_type\": \"line\", \"separate_axis\": 0, \"axis_position\": \"right\", \"formatter\": \"bytes\", \"id\": \"61ca57f1-469d-11e7-af02-69e470af7417\", \"fill\": 0.5}], \"axis_formatter\": \"number\", \"interval\": \"auto\", \"axis_position\": \"left\", \"id\": \"61ca57f0-469d-11e7-af02-69e470af7417\", \"show_legend\": 1, \"show_grid\": 1, \"index_pattern\": \"metricbeat-*\", \"type\": \"timeseries\", \"axis_scale\": \"normal\"}, \"aggs\": [], \"title\": \"Total log space usage [Metricbeat MSSQL] ECS\"}"
            }, 
            "id": "6710ff20-1f2c-11e9-8a4d-eb34d2834f6b-ecs", 
            "migrationVersion": {
                "visualization": "7.0.0"
            }, 
            "type": "visualization", 
            "updated_at": "2019-02-01T10:13:18.406Z", 
            "version": 1
        }, 
        {
            "attributes": {
                "description": "", 
                "kibanaSavedObjectMeta": {
                    "searchSourceJSON": "{\"filter\": [], \"query\": {\"query\": \"\", \"language\": \"kuery\"}}"
                }, 
                "title": "Database selector [Metricbeat MSSQL] ECS", 
                "uiStateJSON": "{}", 
                "version": 1, 
                "visState": "{\"type\": \"input_control_vis\", \"params\": {\"pinFilters\": false, \"useTimeFilter\": false, \"updateFiltersOnChange\": false, \"controls\": [{\"parent\": \"\", \"id\": \"1549016598264\", \"fieldName\": \"mssql.database.name\", \"indexPattern\": \"metricbeat-*\", \"label\": \"\", \"type\": \"list\", \"options\": {\"type\": \"terms\", \"size\": 5, \"multiselect\": true, \"dynamicOptions\": true, \"order\": \"desc\"}}]}, \"aggs\": [], \"title\": \"Database selector [Metricbeat MSSQL] ECS\"}"
            }, 
            "id": "82bf9480-260b-11e9-a46a-471d2a76b305-ecs", 
            "migrationVersion": {
                "visualization": "7.0.0"
            }, 
            "type": "visualization", 
            "updated_at": "2019-02-01T10:24:09.159Z", 
            "version": 1
        }, 
        {
            "attributes": {
                "description": "An overview of the transaction log of each database in a MSSQL instance", 
                "hits": 0, 
                "kibanaSavedObjectMeta": {
                    "searchSourceJSON": "{\"filter\": [], \"query\": {\"query\": \"\", \"language\": \"kuery\"}}"
                }, 
                "optionsJSON": "{\"useMargins\": true, \"darkTheme\": false, \"hidePanelTitles\": false}", 
                "panelsJSON": "[{\"gridData\": {\"i\": \"1\", \"h\": 12, \"y\": 12, \"w\": 24, \"x\": 0}, \"title\": \"Recovery size of transaction log\", \"panelIndex\": \"1\", \"embeddableConfig\": {}, \"version\": \"7.0.0-alpha2\", \"type\": \"visualization\", \"id\": \"e9654a40-1fb2-11e9-8a4d-eb34d2834f6b-ecs\"}, {\"gridData\": {\"i\": \"2\", \"h\": 13, \"y\": 24, \"w\": 24, \"x\": 24}, \"title\": \"Transaction log size since last checkpoint\", \"panelIndex\": \"2\", \"embeddableConfig\": {}, \"version\": \"7.0.0-alpha2\", \"type\": \"visualization\", \"id\": \"1757d530-1fb3-11e9-8a4d-eb34d2834f6b-ecs\"}, {\"gridData\": {\"i\": \"3\", \"h\": 12, \"y\": 0, \"w\": 18, \"x\": 30}, \"title\": \"Percentage of used space of transaction log\", \"panelIndex\": \"3\", \"embeddableConfig\": {}, \"version\": \"7.0.0-alpha2\", \"type\": \"visualization\", \"id\": \"a55bb000-1fb2-11e9-8a4d-eb34d2834f6b-ecs\"}, {\"gridData\": {\"i\": \"4\", \"h\": 13, \"y\": 37, \"w\": 24, \"x\": 0}, \"title\": \"Log space size since last backup\", \"panelIndex\": \"4\", \"embeddableConfig\": {}, \"version\": \"7.0.0-alpha2\", \"type\": \"visualization\", \"id\": \"edb7a0c0-1f2b-11e9-8a4d-eb34d2834f6b-ecs\"}, {\"gridData\": {\"i\": \"5\", \"h\": 13, \"y\": 24, \"w\": 24, \"x\": 0}, \"title\": \"Active size of transaction log\", \"panelIndex\": \"5\", \"embeddableConfig\": {}, \"version\": \"7.0.0-alpha2\", \"type\": \"visualization\", \"id\": \"c9ead180-1fb2-11e9-8a4d-eb34d2834f6b-ecs\"}, {\"gridData\": {\"i\": \"6\", \"h\": 12, \"y\": 12, \"w\": 24, \"x\": 24}, \"title\": \"Used space of transaction log\", \"panelIndex\": \"6\", \"embeddableConfig\": {}, \"version\": \"7.0.0-alpha2\", \"type\": \"visualization\", \"id\": \"68fa61b0-1fb2-11e9-8a4d-eb34d2834f6b-ecs\"}, {\"gridData\": {\"i\": \"7\", \"h\": 12, \"y\": 0, \"w\": 18, \"x\": 12}, \"title\": \"Total log space usage\", \"panelIndex\": \"7\", \"embeddableConfig\": {}, \"version\": \"7.0.0-alpha2\", \"type\": \"visualization\", \"id\": \"6710ff20-1f2c-11e9-8a4d-eb34d2834f6b-ecs\"}, {\"gridData\": {\"i\": \"8\", \"h\": 12, \"y\": 0, \"w\": 12, \"x\": 0}, \"embeddableConfig\": {}, \"panelIndex\": \"8\", \"version\": \"7.0.0-SNAPSHOT\", \"type\": \"visualization\", \"id\": \"82bf9480-260b-11e9-a46a-471d2a76b305-ecs\"}]", 
                "timeRestore": false, 
                "title": "[Metricbeat MSSQL] Transaction log ECS", 
                "version": 1
            }, 
            "id": "18d66970-1fb4-11e9-8a4d-eb34d2834f6b-ecs", 
            "type": "dashboard", 
            "updated_at": "2019-02-01T10:39:36.585Z", 
            "version": 3
        }
    ], 
    "version": "7.0.0-SNAPSHOT"
}