{
    "objects": [
        {
            "attributes": {
                "description": "Overview of AWS RDS Metrics", 
                "hits": 0, 
                "kibanaSavedObjectMeta": {
                    "searchSourceJSON": "{\"filter\": [], \"query\": {\"query\": \"\", \"language\": \"kuery\"}}"
                }, 
                "optionsJSON": "{\"useMargins\": true, \"hidePanelTitles\": false}", 
                "panelsJSON": "[{\"gridData\": {\"i\": \"1\", \"h\": 6, \"y\": 0, \"w\": 19, \"x\": 10}, \"title\": \"Database Connections\", \"embeddableConfig\": {\"title\": \"Database Connections\"}, \"version\": \"7.4.0\", \"panelRefName\": \"panel_0\", \"panelIndex\": \"1\"}, {\"gridData\": {\"i\": \"3\", \"h\": 10, \"y\": 6, \"w\": 24, \"x\": 0}, \"title\": \"Insert Latency in Milliseconds\", \"embeddableConfig\": {\"title\": \"Insert Latency in Milliseconds\"}, \"version\": \"7.4.0\", \"panelRefName\": \"panel_1\", \"panelIndex\": \"3\"}, {\"gridData\": {\"i\": \"4\", \"h\": 10, \"y\": 6, \"w\": 24, \"x\": 24}, \"title\": \"Select Latency in Milliseconds\", \"embeddableConfig\": {\"title\": \"Select Latency in Milliseconds\"}, \"version\": \"7.4.0\", \"panelRefName\": \"panel_2\", \"panelIndex\": \"4\"}, {\"gridData\": {\"i\": \"5\", \"h\": 6, \"y\": 0, \"w\": 19, \"x\": 29}, \"title\": \"Transaction Blocked\", \"embeddableConfig\": {\"title\": \"Transaction Blocked\"}, \"version\": \"7.4.0\", \"panelRefName\": \"panel_3\", \"panelIndex\": \"5\"}, {\"gridData\": {\"i\": \"6\", \"h\": 6, \"y\": 0, \"w\": 10, \"x\": 0}, \"panelRefName\": \"panel_4\", \"version\": \"7.4.0\", \"panelIndex\": \"6\", \"embeddableConfig\": {}}, {\"gridData\": {\"i\": \"7\", \"h\": 11, \"y\": 16, \"w\": 24, \"x\": 0}, \"title\": \"Insert Throughput in Count/Second\", \"embeddableConfig\": {\"title\": \"Insert Throughput in Count/Second\"}, \"version\": \"7.4.0\", \"panelRefName\": \"panel_5\", \"panelIndex\": \"7\"}, {\"gridData\": {\"i\": \"8\", \"h\": 11, \"y\": 16, \"w\": 24, \"x\": 24}, \"title\": \"Select Throughput in Count/Second\", \"embeddableConfig\": {\"title\": \"Select Throughput in Count/Second\"}, \"version\": \"7.4.0\", \"panelRefName\": \"panel_6\", \"panelIndex\": \"8\"}, {\"gridData\": {\"i\": \"132653bc-2669-4e8c-b536-06c680e9acf0\", \"h\": 12, \"y\": 27, \"w\": 48, \"x\": 0}, \"title\": \"Disk Queue Depth\", \"embeddableConfig\": {\"title\": \"Disk Queue Depth\"}, \"version\": \"7.4.0\", \"panelRefName\": \"panel_7\", \"panelIndex\": \"132653bc-2669-4e8c-b536-06c680e9acf0\"}]", 
                "timeRestore": false, 
                "title": "[Metricbeat AWS] RDS Overview", 
                "version": 1
            }, 
            "id": "3367c170-921f-11e9-aa19-159bf182e06f", 
            "migrationVersion": {
                "dashboard": "7.3.0"
            }, 
            "references": [
                {
                    "id": "17fcda50-921b-11e9-aa19-159bf182e06f", 
                    "name": "panel_0", 
                    "type": "visualization"
                }, 
                {
                    "id": "8b8a7f80-921c-11e9-aa19-159bf182e06f", 
                    "name": "panel_1", 
                    "type": "visualization"
                }, 
                {
                    "id": "cc3a1950-921c-11e9-aa19-159bf182e06f", 
                    "name": "panel_2", 
                    "type": "visualization"
                }, 
                {
                    "id": "00b29040-921d-11e9-aa19-159bf182e06f", 
                    "name": "panel_3", 
                    "type": "visualization"
                }, 
                {
                    "id": "b5308940-7347-11e9-816b-07687310a99a", 
                    "name": "panel_4", 
                    "type": "visualization"
                }, 
                {
                    "id": "c1afd130-921e-11e9-aa19-159bf182e06f", 
                    "name": "panel_5", 
                    "type": "visualization"
                }, 
                {
                    "id": "e06e4cf0-921e-11e9-aa19-159bf182e06f", 
                    "name": "panel_6", 
                    "type": "visualization"
                }, 
                {
                    "id": "966ae990-d979-11e9-9458-bbef63ad717b", 
                    "name": "panel_7", 
                    "type": "visualization"
                }
            ], 
            "type": "dashboard", 
            "updated_at": "2019-09-17T18:35:03.575Z", 
            "version": "WzExNTk3LDhd"
        }, 
        {
            "attributes": {
                "description": "", 
                "kibanaSavedObjectMeta": {
                    "searchSourceJSON": "{\"filter\": [], \"query\": {\"query\": \"\", \"language\": \"kuery\"}}"
                }, 
                "title": "RDS Database Connections [Metricbeat AWS]", 
                "uiStateJSON": "{}", 
                "version": 1, 
                "visState": "{\"type\": \"metrics\", \"params\": {\"bar_color_rules\": [{\"id\": \"f8196690-921a-11e9-badf-4b42bd1ef543\"}], \"default_index_pattern\": \"metricbeat-*\", \"background_color_rules\": [{\"id\": \"10bc2760-d978-11e9-aff2-99c15d8b7da1\"}], \"index_pattern\": \"\", \"default_timefield\": \"@timestamp\", \"series\": [{\"line_width\": 1, \"terms_field\": \"aws.rds.db_instance.identifier\", \"metrics\": [{\"field\": \"aws.rds.database_connections\", \"type\": \"sum\", \"id\": \"61ca57f2-469d-11e7-af02-69e470af7417\"}], \"color\": \"#68BC00\", \"stacked\": \"none\", \"label\": \"Database Connections\", \"hide_in_legend\": 0, \"separate_axis\": 0, \"split_mode\": \"everything\", \"chart_type\": \"bar\", \"terms_order_by\": \"61ca57f2-469d-11e7-af02-69e470af7417\", \"point_size\": 1, \"axis_position\": \"right\", \"formatter\": \"number\", \"id\": \"61ca57f1-469d-11e7-af02-69e470af7417\", \"fill\": 0.5}], \"axis_formatter\": \"number\", \"interval\": \"1m\", \"isModelInvalid\": false, \"id\": \"61ca57f0-469d-11e7-af02-69e470af7417\", \"time_field\": \"\", \"show_legend\": 1, \"show_grid\": 1, \"axis_scale\": \"normal\", \"type\": \"metric\", \"axis_position\": \"left\"}, \"aggs\": [], \"title\": \"RDS Database Connections [Metricbeat AWS]\"}"
            }, 
            "id": "17fcda50-921b-11e9-aa19-159bf182e06f", 
            "migrationVersion": {
                "visualization": "7.2.0"
            }, 
            "references": [], 
            "type": "visualization", 
            "updated_at": "2019-09-17T18:22:36.018Z", 
            "version": "WzExNTc3LDhd"
        }, 
        {
            "attributes": {
                "description": "", 
                "kibanaSavedObjectMeta": {
                    "searchSourceJSON": "{\"filter\": [], \"query\": {\"query\": \"\", \"language\": \"kuery\"}}"
                }, 
                "title": "RDS Insert Latency in Milliseconds [Metricbeat AWS]", 
                "uiStateJSON": "{}", 
                "version": 1, 
                "visState": "{\"type\": \"metrics\", \"params\": {\"bar_color_rules\": [{\"id\": \"f8196690-921a-11e9-badf-4b42bd1ef543\"}], \"default_index_pattern\": \"metricbeat-*\", \"background_color_rules\": [{\"id\": \"28cacdf0-921c-11e9-badf-4b42bd1ef543\"}], \"index_pattern\": \"\", \"default_timefield\": \"@timestamp\", \"series\": [{\"line_width\": \"2\", \"terms_field\": \"aws.rds.db_instance.identifier\", \"point_size\": \"5\", \"color\": \"#68BC00\", \"stacked\": \"none\", \"label\": \"Insert Latency in Milliseconds\", \"metrics\": [{\"field\": \"aws.rds.latency.insert\", \"type\": \"avg\", \"id\": \"61ca57f2-469d-11e7-af02-69e470af7417\"}], \"split_mode\": \"terms\", \"chart_type\": \"line\", \"terms_order_by\": \"61ca57f2-469d-11e7-af02-69e470af7417\", \"separate_axis\": 0, \"axis_position\": \"right\", \"formatter\": \"ms,ms,\", \"id\": \"61ca57f1-469d-11e7-af02-69e470af7417\", \"split_color_mode\": \"rainbow\", \"fill\": \"0\"}], \"axis_formatter\": \"number\", \"interval\": \"1m\", \"show_legend\": 1, \"isModelInvalid\": false, \"id\": \"61ca57f0-469d-11e7-af02-69e470af7417\", \"time_field\": \"\", \"axis_min\": \"0\", \"show_grid\": 1, \"axis_scale\": \"normal\", \"type\": \"timeseries\", \"axis_position\": \"left\"}, \"aggs\": [], \"title\": \"RDS Insert Latency in Milliseconds [Metricbeat AWS]\"}"
            }, 
            "id": "8b8a7f80-921c-11e9-aa19-159bf182e06f", 
            "migrationVersion": {
                "visualization": "7.2.0"
            }, 
            "references": [], 
            "type": "visualization", 
            "updated_at": "2019-09-17T18:27:15.143Z", 
            "version": "WzExNTg1LDhd"
        }, 
        {
            "attributes": {
                "description": "", 
                "kibanaSavedObjectMeta": {
                    "searchSourceJSON": "{\"filter\": [], \"query\": {\"query\": \"\", \"language\": \"kuery\"}}"
                }, 
                "title": "RDS Select Latency in Milliseconds [Metricbeat AWS]", 
                "uiStateJSON": "{}", 
                "version": 1, 
                "visState": "{\"type\": \"metrics\", \"params\": {\"bar_color_rules\": [{\"id\": \"f8196690-921a-11e9-badf-4b42bd1ef543\"}], \"default_index_pattern\": \"metricbeat-*\", \"background_color_rules\": [{\"id\": \"28cacdf0-921c-11e9-badf-4b42bd1ef543\"}], \"index_pattern\": \"\", \"default_timefield\": \"@timestamp\", \"series\": [{\"line_width\": \"2\", \"terms_field\": \"aws.rds.db_instance.identifier\", \"point_size\": \"5\", \"color\": \"#68BC00\", \"stacked\": \"none\", \"label\": \"Select Latency in Milliseconds\", \"metrics\": [{\"field\": \"aws.rds.latency.select\", \"type\": \"avg\", \"id\": \"61ca57f2-469d-11e7-af02-69e470af7417\"}], \"split_mode\": \"terms\", \"chart_type\": \"line\", \"terms_order_by\": \"61ca57f2-469d-11e7-af02-69e470af7417\", \"separate_axis\": 0, \"axis_position\": \"right\", \"formatter\": \"ms,ms,\", \"id\": \"61ca57f1-469d-11e7-af02-69e470af7417\", \"split_color_mode\": \"rainbow\", \"fill\": \"0\"}], \"axis_formatter\": \"number\", \"interval\": \"1m\", \"isModelInvalid\": false, \"id\": \"61ca57f0-469d-11e7-af02-69e470af7417\", \"time_field\": \"\", \"show_legend\": 1, \"show_grid\": 1, \"axis_scale\": \"normal\", \"type\": \"timeseries\", \"axis_position\": \"left\"}, \"aggs\": [], \"title\": \"RDS Select Latency in Milliseconds [Metricbeat AWS]\"}"
            }, 
            "id": "cc3a1950-921c-11e9-aa19-159bf182e06f", 
            "migrationVersion": {
                "visualization": "7.2.0"
            }, 
            "references": [], 
            "type": "visualization", 
            "updated_at": "2019-09-17T18:26:36.223Z", 
            "version": "WzExNTgzLDhd"
        }, 
        {
            "attributes": {
                "description": "", 
                "kibanaSavedObjectMeta": {
                    "searchSourceJSON": "{\"filter\": [], \"query\": {\"query\": \"\", \"language\": \"kuery\"}}"
                }, 
                "title": "RDS Transaction Blocked [Metricbeat AWS]", 
                "uiStateJSON": "{}", 
                "version": 1, 
                "visState": "{\"type\": \"metrics\", \"params\": {\"bar_color_rules\": [{\"operator\": \"gt\", \"bar_color\": \"rgba(211,49,21,1)\", \"id\": \"f8196690-921a-11e9-badf-4b42bd1ef543\", \"value\": 0}], \"default_index_pattern\": \"metricbeat-*\", \"background_color_rules\": [{\"operator\": \"lte\", \"background_color\": \"rgba(164,221,0,1)\", \"id\": \"27aaf910-d978-11e9-aff2-99c15d8b7da1\", \"value\": 0}, {\"color\": \"rgba(244,78,59,1)\", \"operator\": \"gt\", \"id\": \"3526a9e0-d978-11e9-aff2-99c15d8b7da1\", \"value\": 0}], \"index_pattern\": \"\", \"default_timefield\": \"@timestamp\", \"series\": [{\"line_width\": 1, \"terms_field\": \"aws.rds.db_instance.identifier\", \"metrics\": [{\"field\": \"aws.rds.transactions.blocked\", \"type\": \"sum\", \"id\": \"61ca57f2-469d-11e7-af02-69e470af7417\"}], \"color\": \"#68BC00\", \"stacked\": \"none\", \"label\": \"Transaction Blocked\", \"hide_in_legend\": 0, \"separate_axis\": 0, \"split_mode\": \"everything\", \"chart_type\": \"bar\", \"terms_order_by\": \"61ca57f2-469d-11e7-af02-69e470af7417\", \"point_size\": 1, \"axis_position\": \"right\", \"formatter\": \"number\", \"id\": \"61ca57f1-469d-11e7-af02-69e470af7417\", \"fill\": 0.5}], \"axis_formatter\": \"number\", \"interval\": \"1m\", \"isModelInvalid\": false, \"id\": \"61ca57f0-469d-11e7-af02-69e470af7417\", \"filter\": \"\", \"time_field\": \"\", \"show_legend\": 1, \"drilldown_url\": \"\", \"show_grid\": 1, \"axis_scale\": \"normal\", \"type\": \"metric\", \"axis_position\": \"left\"}, \"aggs\": [], \"title\": \"RDS Transaction Blocked [Metricbeat AWS]\"}"
            }, 
            "id": "00b29040-921d-11e9-aa19-159bf182e06f", 
            "migrationVersion": {
                "visualization": "7.2.0"
            }, 
            "references": [], 
            "type": "visualization", 
            "updated_at": "2019-09-17T18:23:33.361Z", 
            "version": "WzExNTc5LDhd"
        }, 
        {
            "attributes": {
                "description": "", 
                "kibanaSavedObjectMeta": {
                    "searchSourceJSON": "{\"filter\": [], \"query\": {\"query\": \"\", \"language\": \"kuery\"}}"
                }, 
                "title": "Region Filter [Metricbeat AWS]", 
                "uiStateJSON": "{}", 
                "version": 1, 
                "visState": "{\"type\": \"input_control_vis\", \"params\": {\"pinFilters\": false, \"useTimeFilter\": false, \"updateFiltersOnChange\": true, \"controls\": [{\"parent\": \"\", \"indexPatternRefName\": \"control_0_index_pattern\", \"label\": \"region\", \"fieldName\": \"cloud.region\", \"id\": \"1549397251041\", \"type\": \"list\", \"options\": {\"type\": \"terms\", \"size\": 5, \"multiselect\": true, \"dynamicOptions\": true, \"order\": \"desc\"}}]}, \"aggs\": [], \"title\": \"AWS Region Filter\"}"
            }, 
            "id": "b5308940-7347-11e9-816b-07687310a99a", 
            "migrationVersion": {
                "visualization": "7.2.0"
            }, 
            "references": [
                {
                    "id": "metricbeat-*", 
                    "name": "control_0_index_pattern", 
                    "type": "index-pattern"
                }
            ], 
            "type": "visualization", 
            "updated_at": "2019-09-17T18:20:56.488Z", 
            "version": "WzExMjUzLDhd"
        }, 
        {
            "attributes": {
                "description": "", 
                "kibanaSavedObjectMeta": {
                    "searchSourceJSON": "{\"filter\": [], \"query\": {\"query\": \"\", \"language\": \"kuery\"}}"
                }, 
                "title": "RDS Insert Throughput in Count/Second [Metricbeat AWS]", 
                "uiStateJSON": "{}", 
                "version": 1, 
                "visState": "{\"type\": \"metrics\", \"params\": {\"bar_color_rules\": [{\"id\": \"f8196690-921a-11e9-badf-4b42bd1ef543\"}], \"default_index_pattern\": \"metricbeat-*\", \"background_color_rules\": [{\"id\": \"28cacdf0-921c-11e9-badf-4b42bd1ef543\"}], \"index_pattern\": \"\", \"default_timefield\": \"@timestamp\", \"series\": [{\"line_width\": \"2\", \"terms_field\": \"aws.rds.db_instance.identifier\", \"point_size\": \"5\", \"color\": \"#68BC00\", \"stacked\": \"none\", \"label\": \"Insert Throughput Count/Second\", \"metrics\": [{\"field\": \"aws.rds.throughput.insert\", \"type\": \"avg\", \"id\": \"61ca57f2-469d-11e7-af02-69e470af7417\"}], \"split_mode\": \"terms\", \"chart_type\": \"line\", \"terms_order_by\": \"61ca57f2-469d-11e7-af02-69e470af7417\", \"separate_axis\": 0, \"axis_position\": \"right\", \"formatter\": \"'0.0'\", \"id\": \"61ca57f1-469d-11e7-af02-69e470af7417\", \"split_color_mode\": \"rainbow\", \"fill\": \"0\"}], \"axis_formatter\": \"number\", \"interval\": \"1m\", \"show_legend\": 1, \"isModelInvalid\": false, \"id\": \"61ca57f0-469d-11e7-af02-69e470af7417\", \"time_field\": \"\", \"axis_min\": \"0\", \"show_grid\": 1, \"axis_scale\": \"normal\", \"type\": \"timeseries\", \"axis_position\": \"left\"}, \"aggs\": [], \"title\": \"RDS Insert Throughput in Count/Second [Metricbeat AWS]\"}"
            }, 
            "id": "c1afd130-921e-11e9-aa19-159bf182e06f", 
            "migrationVersion": {
                "visualization": "7.2.0"
            }, 
            "references": [], 
            "type": "visualization", 
            "updated_at": "2019-09-17T18:31:36.123Z", 
            "version": "WzExNTkzLDhd"
        }, 
        {
            "attributes": {
                "description": "", 
                "kibanaSavedObjectMeta": {
                    "searchSourceJSON": "{\"filter\": [], \"query\": {\"query\": \"\", \"language\": \"kuery\"}}"
                }, 
                "title": "RDS Select Throughput in Count/Second [Metricbeat AWS]", 
                "uiStateJSON": "{}", 
                "version": 1, 
                "visState": "{\"type\": \"metrics\", \"params\": {\"bar_color_rules\": [{\"id\": \"f8196690-921a-11e9-badf-4b42bd1ef543\"}], \"default_index_pattern\": \"metricbeat-*\", \"background_color_rules\": [{\"id\": \"28cacdf0-921c-11e9-badf-4b42bd1ef543\"}], \"index_pattern\": \"\", \"default_timefield\": \"@timestamp\", \"series\": [{\"line_width\": \"2\", \"terms_field\": \"aws.rds.db_instance.identifier\", \"point_size\": \"5\", \"color\": \"#68BC00\", \"stacked\": \"none\", \"label\": \"Select Throughput Count/Second\", \"metrics\": [{\"field\": \"aws.rds.throughput.select\", \"type\": \"avg\", \"id\": \"61ca57f2-469d-11e7-af02-69e470af7417\"}], \"split_mode\": \"terms\", \"chart_type\": \"line\", \"terms_order_by\": \"61ca57f2-469d-11e7-af02-69e470af7417\", \"separate_axis\": 0, \"axis_position\": \"right\", \"formatter\": \"'0.0'\", \"id\": \"61ca57f1-469d-11e7-af02-69e470af7417\", \"split_color_mode\": \"rainbow\", \"fill\": \"0\"}], \"axis_formatter\": \"number\", \"interval\": \"1m\", \"show_legend\": 1, \"isModelInvalid\": false, \"id\": \"61ca57f0-469d-11e7-af02-69e470af7417\", \"time_field\": \"\", \"axis_min\": \"\", \"show_grid\": 1, \"axis_scale\": \"normal\", \"type\": \"timeseries\", \"axis_position\": \"left\"}, \"aggs\": [], \"title\": \"RDS Select Throughput in Count/Second [Metricbeat AWS]\"}"
            }, 
            "id": "e06e4cf0-921e-11e9-aa19-159bf182e06f", 
            "migrationVersion": {
                "visualization": "7.2.0"
            }, 
            "references": [], 
            "type": "visualization", 
            "updated_at": "2019-09-17T18:31:01.587Z", 
            "version": "WzExNTkyLDhd"
        }, 
        {
            "attributes": {
                "description": "", 
                "kibanaSavedObjectMeta": {
                    "searchSourceJSON": "{\"filter\": [], \"query\": {\"query\": \"\", \"language\": \"kuery\"}}"
                }, 
                "title": "RDS Disk Queue Depth [Metricbeat AWS]", 
                "uiStateJSON": "{}", 
                "version": 1, 
                "visState": "{\"type\": \"metrics\", \"params\": {\"bar_color_rules\": [{\"id\": \"f8196690-921a-11e9-badf-4b42bd1ef543\"}], \"default_index_pattern\": \"metricbeat-*\", \"background_color_rules\": [{\"id\": \"28cacdf0-921c-11e9-badf-4b42bd1ef543\"}], \"index_pattern\": \"\", \"default_timefield\": \"@timestamp\", \"series\": [{\"line_width\": \"2\", \"terms_field\": \"aws.rds.db_instance.identifier\", \"point_size\": \"5\", \"color\": \"#68BC00\", \"stacked\": \"none\", \"label\": \"Select Throughput Count/Second\", \"metrics\": [{\"field\": \"aws.rds.disk_queue_depth\", \"type\": \"avg\", \"id\": \"61ca57f2-469d-11e7-af02-69e470af7417\"}], \"split_mode\": \"terms\", \"chart_type\": \"line\", \"terms_order_by\": \"61ca57f2-469d-11e7-af02-69e470af7417\", \"separate_axis\": 0, \"axis_position\": \"right\", \"formatter\": \"'0.000'\", \"type\": \"timeseries\", \"id\": \"61ca57f1-469d-11e7-af02-69e470af7417\", \"split_color_mode\": \"rainbow\", \"fill\": \"0\"}], \"axis_formatter\": \"number\", \"interval\": \"1m\", \"show_legend\": 1, \"isModelInvalid\": false, \"id\": \"61ca57f0-469d-11e7-af02-69e470af7417\", \"time_field\": \"\", \"axis_min\": \"0\", \"show_grid\": 1, \"axis_scale\": \"normal\", \"type\": \"timeseries\", \"axis_position\": \"left\"}, \"aggs\": [], \"title\": \"RDS Disk Queue Depth [Metricbeat AWS]\"}"
            }, 
            "id": "966ae990-d979-11e9-9458-bbef63ad717b", 
            "migrationVersion": {
                "visualization": "7.2.0"
            }, 
            "references": [], 
            "type": "visualization", 
            "updated_at": "2019-09-17T18:33:04.936Z", 
            "version": "WzExNTk1LDhd"
        }
    ], 
    "version": "7.4.0"
}