{
    "objects": [
        {
            "attributes": {
                "description": "This CouchDB dashboard visualizes the most important CouchDB server metrics.\n\n", 
                "hits": 0, 
                "kibanaSavedObjectMeta": {
                    "searchSourceJSON": "{\"filter\": [], \"query\": {\"query\": \"\", \"language\": \"kuery\"}}"
                }, 
                "optionsJSON": "{\"useMargins\": true, \"hidePanelTitles\": false}", 
                "panelsJSON": "[{\"gridData\": {\"i\": \"1\", \"h\": 15, \"y\": 10, \"w\": 24, \"x\": 0}, \"title\": \"HTTP Status Codes\", \"embeddableConfig\": {}, \"version\": \"7.3.0\", \"panelRefName\": \"panel_0\", \"panelIndex\": \"1\"}, {\"gridData\": {\"i\": \"2\", \"h\": 15, \"y\": 10, \"w\": 24, \"x\": 24}, \"title\": \"HTTP Request Methods\", \"embeddableConfig\": {}, \"version\": \"7.3.0\", \"panelRefName\": \"panel_1\", \"panelIndex\": \"2\"}, {\"gridData\": {\"i\": \"3\", \"h\": 10, \"y\": 0, \"w\": 10, \"x\": 0}, \"title\": \"Open Databases\", \"embeddableConfig\": {}, \"version\": \"7.3.0\", \"panelRefName\": \"panel_2\", \"panelIndex\": \"3\"}, {\"gridData\": {\"i\": \"4\", \"h\": 10, \"y\": 0, \"w\": 24, \"x\": 24}, \"title\": \"Database Read/Writes\", \"embeddableConfig\": {}, \"version\": \"7.3.0\", \"panelRefName\": \"panel_3\", \"panelIndex\": \"4\"}, {\"gridData\": {\"i\": \"5\", \"h\": 10, \"y\": 25, \"w\": 24, \"x\": 24}, \"title\": \"Auth Cache Hit/Miss\", \"embeddableConfig\": {}, \"version\": \"7.3.0\", \"panelRefName\": \"panel_4\", \"panelIndex\": \"5\"}, {\"gridData\": {\"i\": \"6\", \"h\": 10, \"y\": 0, \"w\": 14, \"x\": 10}, \"title\": \"Number of HTTP Requests\", \"embeddableConfig\": {}, \"version\": \"7.3.0\", \"panelRefName\": \"panel_5\", \"panelIndex\": \"6\"}, {\"gridData\": {\"i\": \"7\", \"h\": 10, \"y\": 25, \"w\": 24, \"x\": 0}, \"title\": \"Number of View Reads\", \"embeddableConfig\": {}, \"version\": \"7.3.0\", \"panelRefName\": \"panel_6\", \"panelIndex\": \"7\"}]", 
                "timeRestore": false, 
                "title": "[Metricbeat CouchDB] Database Overview", 
                "version": 1
            }, 
            "id": "a3ab9a60-b952-11e9-a579-f5c0a5d81340", 
            "migrationVersion": {
                "dashboard": "7.3.0"
            }, 
            "references": [
                {
                    "id": "8e15ece0-b94e-11e9-a579-f5c0a5d81340", 
                    "name": "panel_0", 
                    "type": "visualization"
                }, 
                {
                    "id": "1b60bb70-b94f-11e9-a579-f5c0a5d81340", 
                    "name": "panel_1", 
                    "type": "visualization"
                }, 
                {
                    "id": "f8c29f10-b94f-11e9-a579-f5c0a5d81340", 
                    "name": "panel_2", 
                    "type": "visualization"
                }, 
                {
                    "id": "702584a0-b950-11e9-a579-f5c0a5d81340", 
                    "name": "panel_3", 
                    "type": "visualization"
                }, 
                {
                    "id": "abfaf130-b951-11e9-a579-f5c0a5d81340", 
                    "name": "panel_4", 
                    "type": "visualization"
                }, 
                {
                    "id": "06018310-b952-11e9-a579-f5c0a5d81340", 
                    "name": "panel_5", 
                    "type": "visualization"
                }, 
                {
                    "id": "496910f0-b952-11e9-a579-f5c0a5d81340", 
                    "name": "panel_6", 
                    "type": "visualization"
                }
            ], 
            "type": "dashboard", 
            "updated_at": "2019-08-19T15:05:11.218Z", 
            "version": "WzE1NzksMV0="
        }, 
        {
            "attributes": {
                "description": "", 
                "kibanaSavedObjectMeta": {
                    "searchSourceJSON": "{\"filter\": [], \"query\": {\"query\": \"\", \"language\": \"kuery\"}}"
                }, 
                "title": "HTTP Status Codes [Metricbeat CouchDB] ECS", 
                "uiStateJSON": "{}", 
                "version": 1, 
                "visState": "{\"type\": \"metrics\", \"params\": {\"default_index_pattern\": \"metricbeat-*\", \"index_pattern\": \"metricbeat-*\", \"default_timefield\": \"@timestamp\", \"series\": [{\"line_width\": \"1\", \"point_size\": 0, \"color\": \"#3185FC\", \"stacked\": \"none\", \"value_template\": \"{{value}}\", \"label\": \"200 OK\", \"metrics\": [{\"field\": \"couchdb.server.httpd_status_codes.200\", \"type\": \"max\", \"id\": \"c8c0f522-b94d-11e9-8899-f736e404b0e7\"}, {\"field\": \"c8c0f522-b94d-11e9-8899-f736e404b0e7\", \"type\": \"derivative\", \"id\": \"c8c0f524-b94d-11e9-8899-f736e404b0e7\", \"unit\": \"1s\"}, {\"field\": \"c8c0f524-b94d-11e9-8899-f736e404b0e7\", \"type\": \"positive_only\", \"id\": \"c8c0f523-b94d-11e9-8899-f736e404b0e7\"}], \"split_mode\": \"everything\", \"chart_type\": \"line\", \"separate_axis\": 0, \"axis_position\": \"right\", \"formatter\": \"number\", \"id\": \"c8c0f521-b94d-11e9-8899-f736e404b0e7\", \"fill\": \"0.2\"}, {\"line_width\": \"1\", \"point_size\": 0, \"color\": \"#00B3A4\", \"stacked\": \"none\", \"value_template\": \"{{value}}\", \"label\": \"400 Bad Request\", \"metrics\": [{\"field\": \"couchdb.server.httpd_status_codes.400\", \"type\": \"max\", \"id\": \"c8c0f52a-b94d-11e9-8899-f736e404b0e7\"}, {\"field\": \"c8c0f52a-b94d-11e9-8899-f736e404b0e7\", \"type\": \"derivative\", \"id\": \"c8c0f52c-b94d-11e9-8899-f736e404b0e7\", \"unit\": \"1s\"}, {\"field\": \"c8c0f52c-b94d-11e9-8899-f736e404b0e7\", \"type\": \"positive_only\", \"id\": \"c8c0f52b-b94d-11e9-8899-f736e404b0e7\"}], \"split_mode\": \"everything\", \"chart_type\": \"line\", \"separate_axis\": 0, \"axis_position\": \"right\", \"formatter\": \"number\", \"id\": \"c8c0f529-b94d-11e9-8899-f736e404b0e7\", \"fill\": \"0.2\"}, {\"line_width\": \"1\", \"point_size\": 0, \"color\": \"#490092\", \"stacked\": \"none\", \"value_template\": \"{{value}}\", \"label\": \"401 Unauthorized\", \"metrics\": [{\"field\": \"couchdb.server.httpd_status_codes.401\", \"type\": \"max\", \"id\": \"c8c0f52e-b94d-11e9-8899-f736e404b0e7\"}, {\"field\": \"c8c0f52e-b94d-11e9-8899-f736e404b0e7\", \"type\": \"derivative\", \"id\": \"c8c0f530-b94d-11e9-8899-f736e404b0e7\", \"unit\": \"1s\"}, {\"field\": \"c8c0f530-b94d-11e9-8899-f736e404b0e7\", \"type\": \"positive_only\", \"id\": \"c8c0f52f-b94d-11e9-8899-f736e404b0e7\"}], \"split_mode\": \"everything\", \"chart_type\": \"line\", \"separate_axis\": 0, \"axis_position\": \"right\", \"formatter\": \"number\", \"id\": \"c8c0f52d-b94d-11e9-8899-f736e404b0e7\", \"fill\": \"0.2\"}, {\"line_width\": \"1\", \"point_size\": 0, \"color\": \"#461A0A\", \"stacked\": \"none\", \"value_template\": \"{{value}}\", \"label\": \"500  Internal Server Error\", \"metrics\": [{\"field\": \"couchdb.server.httpd_status_codes.500\", \"type\": \"max\", \"id\": \"c8c0f542-b94d-11e9-8899-f736e404b0e7\"}, {\"field\": \"c8c0f542-b94d-11e9-8899-f736e404b0e7\", \"type\": \"derivative\", \"id\": \"c8c0f544-b94d-11e9-8899-f736e404b0e7\", \"unit\": \"1s\"}, {\"field\": \"c8c0f544-b94d-11e9-8899-f736e404b0e7\", \"type\": \"positive_only\", \"id\": \"c8c0f543-b94d-11e9-8899-f736e404b0e7\"}], \"split_mode\": \"everything\", \"chart_type\": \"line\", \"separate_axis\": 0, \"axis_position\": \"right\", \"formatter\": \"number\", \"id\": \"c8c0f541-b94d-11e9-8899-f736e404b0e7\", \"fill\": \"0.2\"}, {\"line_width\": \"1\", \"point_size\": 0, \"color\": \"#FEB6DB\", \"stacked\": \"none\", \"value_template\": \"{{value}}\", \"label\": \"403 Forbidden\", \"metrics\": [{\"field\": \"couchdb.server.httpd_status_codes.403\", \"type\": \"max\", \"id\": \"c8c0f532-b94d-11e9-8899-f736e404b0e7\"}, {\"field\": \"c8c0f532-b94d-11e9-8899-f736e404b0e7\", \"type\": \"derivative\", \"id\": \"c8c0f534-b94d-11e9-8899-f736e404b0e7\", \"unit\": \"1s\"}, {\"field\": \"c8c0f534-b94d-11e9-8899-f736e404b0e7\", \"type\": \"positive_only\", \"id\": \"c8c0f533-b94d-11e9-8899-f736e404b0e7\"}], \"split_mode\": \"everything\", \"chart_type\": \"line\", \"separate_axis\": 0, \"axis_position\": \"right\", \"formatter\": \"number\", \"id\": \"c8c0f531-b94d-11e9-8899-f736e404b0e7\", \"fill\": \"0.2\"}, {\"line_width\": \"1\", \"point_size\": 0, \"color\": \"#E6C220\", \"stacked\": \"none\", \"value_template\": \"{{value}}\", \"label\": \"404 Not Found\", \"metrics\": [{\"field\": \"couchdb.server.httpd_status_codes.404\", \"type\": \"max\", \"id\": \"c8c0f536-b94d-11e9-8899-f736e404b0e7\"}, {\"field\": \"c8c0f536-b94d-11e9-8899-f736e404b0e7\", \"type\": \"derivative\", \"id\": \"c8c0f538-b94d-11e9-8899-f736e404b0e7\", \"unit\": \"1s\"}, {\"field\": \"c8c0f538-b94d-11e9-8899-f736e404b0e7\", \"type\": \"positive_only\", \"id\": \"c8c0f537-b94d-11e9-8899-f736e404b0e7\"}], \"split_mode\": \"everything\", \"chart_type\": \"line\", \"separate_axis\": 0, \"axis_position\": \"right\", \"formatter\": \"number\", \"id\": \"c8c0f535-b94d-11e9-8899-f736e404b0e7\", \"fill\": \"0.2\"}, {\"line_width\": \"1\", \"point_size\": 0, \"color\": \"#DB1374\", \"stacked\": \"none\", \"value_template\": \"{{value}}\", \"label\": \"202 Accepted\", \"metrics\": [{\"field\": \"couchdb.server.httpd_status_codes.202\", \"type\": \"max\", \"id\": \"c8c0f526-b94d-11e9-8899-f736e404b0e7\"}, {\"field\": \"c8c0f526-b94d-11e9-8899-f736e404b0e7\", \"type\": \"derivative\", \"id\": \"c8c0f528-b94d-11e9-8899-f736e404b0e7\", \"unit\": \"1s\"}, {\"field\": \"c8c0f528-b94d-11e9-8899-f736e404b0e7\", \"type\": \"positive_only\", \"id\": \"c8c0f527-b94d-11e9-8899-f736e404b0e7\"}], \"split_mode\": \"everything\", \"chart_type\": \"line\", \"separate_axis\": 0, \"axis_position\": \"right\", \"formatter\": \"number\", \"id\": \"c8c0f525-b94d-11e9-8899-f736e404b0e7\", \"fill\": \"0.2\"}, {\"line_width\": \"1\", \"point_size\": 0, \"color\": \"#BFA180\", \"stacked\": \"none\", \"value_template\": \"{{value}}\", \"label\": \"405 Method Not Allowed\", \"metrics\": [{\"field\": \"couchdb.server.httpd_status_codes.405\", \"type\": \"max\", \"id\": \"c8c0f53a-b94d-11e9-8899-f736e404b0e7\"}, {\"field\": \"c8c0f53a-b94d-11e9-8899-f736e404b0e7\", \"type\": \"derivative\", \"id\": \"c8c0f53c-b94d-11e9-8899-f736e404b0e7\", \"unit\": \"1s\"}, {\"field\": \"c8c0f53c-b94d-11e9-8899-f736e404b0e7\", \"type\": \"positive_only\", \"id\": \"c8c0f53b-b94d-11e9-8899-f736e404b0e7\"}], \"split_mode\": \"everything\", \"chart_type\": \"line\", \"separate_axis\": 0, \"axis_position\": \"right\", \"formatter\": \"number\", \"id\": \"c8c0f539-b94d-11e9-8899-f736e404b0e7\", \"fill\": \"0.2\"}, {\"line_width\": \"1\", \"point_size\": 0, \"color\": \"#F98510\", \"stacked\": \"none\", \"value_template\": \"{{value}}\", \"label\": \"409 Conflict\", \"metrics\": [{\"field\": \"couchdb.server.httpd_status_codes.409\", \"type\": \"max\", \"id\": \"c8c0f53e-b94d-11e9-8899-f736e404b0e7\"}, {\"field\": \"c8c0f53e-b94d-11e9-8899-f736e404b0e7\", \"type\": \"derivative\", \"id\": \"c8c0f540-b94d-11e9-8899-f736e404b0e7\", \"unit\": \"1s\"}, {\"field\": \"c8c0f540-b94d-11e9-8899-f736e404b0e7\", \"type\": \"positive_only\", \"id\": \"c8c0f53f-b94d-11e9-8899-f736e404b0e7\"}], \"split_mode\": \"everything\", \"chart_type\": \"line\", \"separate_axis\": 0, \"axis_position\": \"right\", \"formatter\": \"number\", \"id\": \"c8c0f53d-b94d-11e9-8899-f736e404b0e7\", \"fill\": \"0.2\"}, {\"line_width\": \"1\", \"point_size\": 0, \"color\": \"#920000\", \"stacked\": \"none\", \"value_template\": \"{{value}}\", \"label\": \"201 Created\", \"metrics\": [{\"field\": \"couchdb.server.httpd_status_codes.201\", \"type\": \"max\", \"id\": \"c8c0f546-b94d-11e9-8899-f736e404b0e7\"}, {\"field\": \"c8c0f546-b94d-11e9-8899-f736e404b0e7\", \"type\": \"derivative\", \"id\": \"c8c0f548-b94d-11e9-8899-f736e404b0e7\", \"unit\": \"1s\"}, {\"field\": \"c8c0f548-b94d-11e9-8899-f736e404b0e7\", \"type\": \"positive_only\", \"id\": \"c8c0f547-b94d-11e9-8899-f736e404b0e7\"}], \"split_mode\": \"everything\", \"chart_type\": \"line\", \"separate_axis\": 0, \"axis_position\": \"right\", \"formatter\": \"number\", \"id\": \"c8c0f545-b94d-11e9-8899-f736e404b0e7\", \"fill\": \"0.2\"}], \"axis_formatter\": \"number\", \"interval\": \"auto\", \"id\": \"c8c0f520-b94d-11e9-8899-f736e404b0e7\", \"filter\": {\"query\": \"\", \"language\": \"kuery\"}, \"time_field\": \"@timestamp\", \"show_legend\": 1, \"show_grid\": 1, \"axis_scale\": \"normal\", \"type\": \"timeseries\", \"axis_position\": \"left\"}, \"aggs\": [], \"title\": \"HTTP Status Codes [Metricbeat CouchDB] ECS\"}"
            }, 
            "id": "8e15ece0-b94e-11e9-a579-f5c0a5d81340", 
            "migrationVersion": {
                "visualization": "7.3.0"
            }, 
            "references": [], 
            "type": "visualization", 
            "updated_at": "2019-08-09T10:30:56.854Z", 
            "version": "WzExMTksMV0="
        }, 
        {
            "attributes": {
                "description": "", 
                "kibanaSavedObjectMeta": {
                    "searchSourceJSON": "{\"filter\": [], \"query\": {\"query\": \"\", \"language\": \"kuery\"}}"
                }, 
                "title": "HTTP Request Methods [Metricbeat CouchDB] ECS", 
                "uiStateJSON": "{}", 
                "version": 1, 
                "visState": "{\"type\": \"metrics\", \"params\": {\"default_index_pattern\": \"metricbeat-*\", \"index_pattern\": \"metricbeat-*\", \"default_timefield\": \"@timestamp\", \"series\": [{\"line_width\": \"1\", \"point_size\": 0, \"color\": \"rgba(164,221,0,1)\", \"stacked\": \"none\", \"value_template\": \"{{value}}\", \"label\": \"GET\", \"metrics\": [{\"field\": \"couchdb.server.httpd_request_methods.GET\", \"type\": \"max\", \"id\": \"bb936ee2-b94e-11e9-86ee-f5b628c75be4\"}, {\"field\": \"bb936ee2-b94e-11e9-86ee-f5b628c75be4\", \"type\": \"derivative\", \"id\": \"bb936ee4-b94e-11e9-86ee-f5b628c75be4\", \"unit\": \"1s\"}, {\"field\": \"bb936ee4-b94e-11e9-86ee-f5b628c75be4\", \"type\": \"positive_only\", \"id\": \"bb936ee3-b94e-11e9-86ee-f5b628c75be4\"}], \"split_mode\": \"everything\", \"chart_type\": \"line\", \"separate_axis\": 0, \"axis_position\": \"right\", \"formatter\": \"number\", \"id\": \"bb936ee1-b94e-11e9-86ee-f5b628c75be4\", \"fill\": \"0.2\"}, {\"line_width\": \"1\", \"point_size\": 0, \"color\": \"#DB1374\", \"stacked\": \"none\", \"value_template\": \"{{value}}\", \"label\": \"POST\", \"metrics\": [{\"field\": \"couchdb.server.httpd_request_methods.POST\", \"type\": \"max\", \"id\": \"bb936ee6-b94e-11e9-86ee-f5b628c75be4\"}, {\"field\": \"bb936ee6-b94e-11e9-86ee-f5b628c75be4\", \"type\": \"derivative\", \"id\": \"bb936ee8-b94e-11e9-86ee-f5b628c75be4\", \"unit\": \"1s\"}, {\"field\": \"bb936ee8-b94e-11e9-86ee-f5b628c75be4\", \"type\": \"positive_only\", \"id\": \"bb936ee7-b94e-11e9-86ee-f5b628c75be4\"}], \"split_mode\": \"everything\", \"chart_type\": \"line\", \"separate_axis\": 0, \"axis_position\": \"right\", \"formatter\": \"number\", \"id\": \"bb936ee5-b94e-11e9-86ee-f5b628c75be4\", \"fill\": \"0.2\"}, {\"line_width\": \"1\", \"point_size\": 0, \"color\": \"#00B3A4\", \"stacked\": \"none\", \"value_template\": \"{{value}}\", \"label\": \"PUT\", \"metrics\": [{\"field\": \"couchdb.server.httpd_request_methods.PUT\", \"type\": \"max\", \"id\": \"bb936eea-b94e-11e9-86ee-f5b628c75be4\"}, {\"field\": \"bb936eea-b94e-11e9-86ee-f5b628c75be4\", \"type\": \"derivative\", \"id\": \"bb936eec-b94e-11e9-86ee-f5b628c75be4\", \"unit\": \"1s\"}, {\"field\": \"bb936eec-b94e-11e9-86ee-f5b628c75be4\", \"type\": \"positive_only\", \"id\": \"bb936eeb-b94e-11e9-86ee-f5b628c75be4\"}], \"split_mode\": \"everything\", \"chart_type\": \"line\", \"separate_axis\": 0, \"axis_position\": \"right\", \"formatter\": \"number\", \"id\": \"bb936ee9-b94e-11e9-86ee-f5b628c75be4\", \"fill\": \"0.2\"}, {\"line_width\": \"1\", \"point_size\": 0, \"color\": \"#490092\", \"stacked\": \"none\", \"value_template\": \"{{value}}\", \"label\": \"DELETE\", \"metrics\": [{\"field\": \"couchdb.server.httpd_request_methods.DELETE\", \"type\": \"max\", \"id\": \"bb936eee-b94e-11e9-86ee-f5b628c75be4\"}, {\"field\": \"bb936eee-b94e-11e9-86ee-f5b628c75be4\", \"type\": \"derivative\", \"id\": \"bb936ef0-b94e-11e9-86ee-f5b628c75be4\", \"unit\": \"1s\"}, {\"field\": \"bb936ef0-b94e-11e9-86ee-f5b628c75be4\", \"type\": \"positive_only\", \"id\": \"bb936eef-b94e-11e9-86ee-f5b628c75be4\"}], \"split_mode\": \"everything\", \"chart_type\": \"line\", \"separate_axis\": 0, \"axis_position\": \"right\", \"formatter\": \"number\", \"id\": \"bb936eed-b94e-11e9-86ee-f5b628c75be4\", \"fill\": \"0.2\"}, {\"line_width\": \"1\", \"point_size\": 0, \"color\": \"#FEB6DB\", \"stacked\": \"none\", \"value_template\": \"{{value}}\", \"label\": \"HEAD\", \"metrics\": [{\"field\": \"couchdb.server.httpd_request_methods.HEAD\", \"type\": \"max\", \"id\": \"bb936ef2-b94e-11e9-86ee-f5b628c75be4\"}, {\"field\": \"bb936ef2-b94e-11e9-86ee-f5b628c75be4\", \"type\": \"derivative\", \"id\": \"bb936ef4-b94e-11e9-86ee-f5b628c75be4\", \"unit\": \"1s\"}, {\"field\": \"bb936ef4-b94e-11e9-86ee-f5b628c75be4\", \"type\": \"positive_only\", \"id\": \"bb936ef3-b94e-11e9-86ee-f5b628c75be4\"}], \"split_mode\": \"everything\", \"chart_type\": \"line\", \"separate_axis\": 0, \"axis_position\": \"right\", \"formatter\": \"number\", \"id\": \"bb936ef1-b94e-11e9-86ee-f5b628c75be4\", \"fill\": \"0.2\"}, {\"line_width\": \"1\", \"point_size\": 0, \"color\": \"#E6C220\", \"stacked\": \"none\", \"value_template\": \"{{value}}\", \"label\": \"COPY\", \"metrics\": [{\"field\": \"couchdb.server.httpd_request_methods.COPY\", \"type\": \"max\", \"id\": \"bb936ef6-b94e-11e9-86ee-f5b628c75be4\"}, {\"field\": \"bb936ef6-b94e-11e9-86ee-f5b628c75be4\", \"type\": \"derivative\", \"id\": \"bb936ef8-b94e-11e9-86ee-f5b628c75be4\", \"unit\": \"1s\"}, {\"field\": \"bb936ef8-b94e-11e9-86ee-f5b628c75be4\", \"type\": \"positive_only\", \"id\": \"bb936ef7-b94e-11e9-86ee-f5b628c75be4\"}], \"split_mode\": \"everything\", \"chart_type\": \"line\", \"separate_axis\": 0, \"axis_position\": \"right\", \"formatter\": \"number\", \"id\": \"bb936ef5-b94e-11e9-86ee-f5b628c75be4\", \"fill\": \"0.2\"}], \"axis_formatter\": \"number\", \"interval\": \"auto\", \"id\": \"bb936ee0-b94e-11e9-86ee-f5b628c75be4\", \"filter\": {\"query\": \"\", \"language\": \"kuery\"}, \"time_field\": \"@timestamp\", \"show_legend\": 1, \"show_grid\": 1, \"axis_scale\": \"normal\", \"type\": \"timeseries\", \"axis_position\": \"left\"}, \"aggs\": [], \"title\": \"HTTP Request Methods [Metricbeat CouchDB] ECS\"}"
            }, 
            "id": "1b60bb70-b94f-11e9-a579-f5c0a5d81340", 
            "migrationVersion": {
                "visualization": "7.3.0"
            }, 
            "references": [], 
            "type": "visualization", 
            "updated_at": "2019-08-09T10:31:20.866Z", 
            "version": "WzExMjQsMV0="
        }, 
        {
            "attributes": {
                "description": "", 
                "kibanaSavedObjectMeta": {
                    "searchSourceJSON": "{\"filter\": [], \"query\": {\"query\": \"\", \"language\": \"kuery\"}}"
                }, 
                "title": "Open Databases [Metricbeat CouchDB] ECS", 
                "uiStateJSON": "{}", 
                "version": 1, 
                "visState": "{\"type\": \"metrics\", \"params\": {\"default_index_pattern\": \"metricbeat-*\", \"gauge_color_rules\": [{\"id\": \"ef4c9800-b94f-11e9-bce6-47447dde021d\"}], \"legend_position\": \"right\", \"time_field\": \"@timestamp\", \"index_pattern\": \"metricbeat-*\", \"default_timefield\": \"@timestamp\", \"series\": [{\"line_width\": 2, \"point_size\": \"0\", \"color\": \"rgba(12,121,125,1)\", \"stacked\": \"none\", \"value_template\": \"{{value}}\", \"label\": \"Open Databases\", \"metrics\": [{\"field\": \"couchdb.server.couchdb.open_databases\", \"type\": \"max\", \"id\": \"71dd8a51-b94f-11e9-9f6f-832b64f4a79f\"}], \"split_mode\": \"everything\", \"chart_type\": \"line\", \"separate_axis\": 0, \"axis_position\": \"right\", \"formatter\": \"number\", \"id\": \"71dd8a50-b94f-11e9-9f6f-832b64f4a79f\", \"fill\": \"0.1\"}], \"axis_formatter\": \"number\", \"interval\": \"auto\", \"gauge_inner_color\": null, \"filter\": {\"query\": \"couchdb\", \"language\": \"kuery\"}, \"gauge_inner_width\": 10, \"show_legend\": 1, \"id\": \"71dd6340-b94f-11e9-9f6f-832b64f4a79f\", \"type\": \"timeseries\", \"show_grid\": 1, \"gauge_style\": \"half\", \"axis_scale\": \"normal\", \"gauge_width\": 10, \"background_color\": null, \"axis_position\": \"left\"}, \"aggs\": [], \"title\": \"Open Databases [Metricbeat CouchDB] ECS\"}"
            }, 
            "id": "f8c29f10-b94f-11e9-a579-f5c0a5d81340", 
            "migrationVersion": {
                "visualization": "7.3.0"
            }, 
            "references": [], 
            "type": "visualization", 
            "updated_at": "2019-08-09T10:26:58.696Z", 
            "version": "WzExMDUsMV0="
        }, 
        {
            "attributes": {
                "description": "", 
                "kibanaSavedObjectMeta": {
                    "searchSourceJSON": "{\"filter\": [], \"query\": {\"query\": \"\", \"language\": \"kuery\"}}"
                }, 
                "title": "Database Read/Writes [Metricbeat CouchDB] ECS", 
                "uiStateJSON": "{}", 
                "version": 1, 
                "visState": "{\"type\": \"metrics\", \"params\": {\"default_index_pattern\": \"metricbeat-*\", \"index_pattern\": \"metricbeat-*\", \"default_timefield\": \"@timestamp\", \"series\": [{\"line_width\": \"1\", \"point_size\": 0, \"color\": \"rgba(226,115,0,1)\", \"stacked\": \"none\", \"value_template\": \"{{value}}\", \"label\": \"database_writes\", \"metrics\": [{\"field\": \"couchdb.server.couchdb.database_writes\", \"type\": \"max\", \"id\": \"48918792-b950-11e9-84ff-97e538653deb\"}, {\"field\": \"48918792-b950-11e9-84ff-97e538653deb\", \"type\": \"derivative\", \"id\": \"48918794-b950-11e9-84ff-97e538653deb\", \"unit\": \"1s\"}, {\"field\": \"48918794-b950-11e9-84ff-97e538653deb\", \"type\": \"positive_only\", \"id\": \"48918793-b950-11e9-84ff-97e538653deb\"}], \"split_mode\": \"everything\", \"chart_type\": \"line\", \"separate_axis\": 0, \"axis_position\": \"right\", \"formatter\": \"number\", \"id\": \"48918791-b950-11e9-84ff-97e538653deb\", \"fill\": \"0.2\"}, {\"line_width\": \"1\", \"point_size\": 0, \"color\": \"rgba(160,203,38,1)\", \"stacked\": \"none\", \"value_template\": \"{{value}}\", \"label\": \"database_reads\", \"metrics\": [{\"field\": \"couchdb.server.couchdb.database_reads\", \"type\": \"max\", \"id\": \"7c71dd31-b950-11e9-bd31-d98b40ea3379\"}, {\"field\": \"7c71dd31-b950-11e9-bd31-d98b40ea3379\", \"type\": \"derivative\", \"id\": \"7c71dd32-b950-11e9-bd31-d98b40ea3379\", \"unit\": \"1s\"}, {\"field\": \"7c71dd32-b950-11e9-bd31-d98b40ea3379\", \"type\": \"positive_only\", \"id\": \"7c71dd33-b950-11e9-bd31-d98b40ea3379\", \"unit\": \"\"}], \"split_mode\": \"everything\", \"chart_type\": \"line\", \"separate_axis\": 0, \"axis_position\": \"right\", \"formatter\": \"number\", \"id\": \"7c71dd30-b950-11e9-bd31-d98b40ea3379\", \"fill\": \"0.2\"}], \"axis_formatter\": \"number\", \"interval\": \"auto\", \"id\": \"48918790-b950-11e9-84ff-97e538653deb\", \"filter\": {\"query\": \"couchdb\", \"language\": \"kuery\"}, \"time_field\": \"@timestamp\", \"show_legend\": 1, \"show_grid\": 1, \"axis_scale\": \"normal\", \"type\": \"timeseries\", \"axis_position\": \"left\"}, \"aggs\": [], \"title\": \"Database Read/Writes [Metricbeat CouchDB] ECS\"}"
            }, 
            "id": "702584a0-b950-11e9-a579-f5c0a5d81340", 
            "migrationVersion": {
                "visualization": "7.3.0"
            }, 
            "references": [], 
            "type": "visualization", 
            "updated_at": "2019-08-09T10:30:34.762Z", 
            "version": "WzExMTUsMV0="
        }, 
        {
            "attributes": {
                "description": "", 
                "kibanaSavedObjectMeta": {
                    "searchSourceJSON": "{\"filter\": [], \"query\": {\"query\": \"\", \"language\": \"kuery\"}}"
                }, 
                "title": "Auth Cache Hit/Miss [Metricbeat CouchDB] ECS", 
                "uiStateJSON": "{}", 
                "version": 1, 
                "visState": "{\"type\": \"metrics\", \"params\": {\"default_index_pattern\": \"metricbeat-*\", \"index_pattern\": \"metricbeat-*\", \"default_timefield\": \"@timestamp\", \"series\": [{\"line_width\": 2, \"point_size\": 0, \"color\": \"rgba(179,101,87,1)\", \"stacked\": \"none\", \"value_template\": \"{{value}}\", \"label\": \"auth_cache_misses\", \"metrics\": [{\"field\": \"couchdb.server.couchdb.auth_cache_misses\", \"type\": \"max\", \"id\": \"7ccd9c52-b951-11e9-8e1d-17d2519ede48\"}, {\"field\": \"7ccd9c52-b951-11e9-8e1d-17d2519ede48\", \"type\": \"derivative\", \"id\": \"7ccd9c54-b951-11e9-8e1d-17d2519ede48\", \"unit\": \"1s\"}, {\"field\": \"7ccd9c54-b951-11e9-8e1d-17d2519ede48\", \"type\": \"positive_only\", \"id\": \"7ccd9c53-b951-11e9-8e1d-17d2519ede48\"}], \"split_mode\": \"everything\", \"chart_type\": \"line\", \"separate_axis\": 0, \"axis_position\": \"right\", \"formatter\": \"number\", \"id\": \"7ccd9c51-b951-11e9-8e1d-17d2519ede48\", \"fill\": 0}, {\"line_width\": 2, \"point_size\": 0, \"color\": \"rgba(129,169,80,1)\", \"stacked\": \"none\", \"value_template\": \"{{value}}\", \"label\": \"auth_cache_hits\", \"metrics\": [{\"field\": \"couchdb.server.couchdb.auth_cache_hits\", \"type\": \"max\", \"id\": \"7ccd9c56-b951-11e9-8e1d-17d2519ede48\"}, {\"field\": \"7ccd9c56-b951-11e9-8e1d-17d2519ede48\", \"type\": \"derivative\", \"id\": \"7ccd9c58-b951-11e9-8e1d-17d2519ede48\", \"unit\": \"1s\"}, {\"field\": \"7ccd9c58-b951-11e9-8e1d-17d2519ede48\", \"type\": \"positive_only\", \"id\": \"7ccd9c57-b951-11e9-8e1d-17d2519ede48\"}], \"split_mode\": \"everything\", \"chart_type\": \"line\", \"separate_axis\": 0, \"axis_position\": \"right\", \"formatter\": \"number\", \"id\": \"7ccd9c55-b951-11e9-8e1d-17d2519ede48\", \"fill\": 0}], \"axis_formatter\": \"number\", \"interval\": \"auto\", \"id\": \"7ccd9c50-b951-11e9-8e1d-17d2519ede48\", \"filter\": {\"query\": \"couchdb\", \"language\": \"kuery\"}, \"time_field\": \"@timestamp\", \"show_legend\": 1, \"show_grid\": 1, \"axis_scale\": \"normal\", \"type\": \"timeseries\", \"axis_position\": \"left\"}, \"aggs\": [], \"title\": \"Auth Cache Hit/Miss [Metricbeat CouchDB] ECS\"}"
            }, 
            "id": "abfaf130-b951-11e9-a579-f5c0a5d81340", 
            "migrationVersion": {
                "visualization": "7.3.0"
            }, 
            "references": [], 
            "type": "visualization", 
            "updated_at": "2019-08-09T10:32:05.471Z", 
            "version": "WzExMzYsMV0="
        }, 
        {
            "attributes": {
                "description": "", 
                "kibanaSavedObjectMeta": {
                    "searchSourceJSON": "{\"filter\": [], \"query\": {\"query\": \"\", \"language\": \"kuery\"}}"
                }, 
                "title": "Number of HTTP Requests [Metricbeat CouchDB] ECS", 
                "uiStateJSON": "{}", 
                "version": 1, 
                "visState": "{\"type\": \"metrics\", \"params\": {\"default_index_pattern\": \"metricbeat-*\", \"index_pattern\": \"metricbeat-*\", \"default_timefield\": \"@timestamp\", \"series\": [{\"line_width\": \"1\", \"point_size\": 0, \"color\": \"rgba(82,174,177,1)\", \"stacked\": \"none\", \"value_template\": \"{{value}}\", \"label\": \"requests\", \"metrics\": [{\"field\": \"couchdb.server.httpd.requests\", \"type\": \"max\", \"id\": \"caae9782-b951-11e9-8945-b5f393c4775d\"}, {\"field\": \"caae9782-b951-11e9-8945-b5f393c4775d\", \"type\": \"derivative\", \"id\": \"caae9784-b951-11e9-8945-b5f393c4775d\", \"unit\": \"1s\"}, {\"field\": \"caae9784-b951-11e9-8945-b5f393c4775d\", \"type\": \"positive_only\", \"id\": \"caae9783-b951-11e9-8945-b5f393c4775d\"}], \"split_mode\": \"everything\", \"chart_type\": \"line\", \"separate_axis\": 0, \"axis_position\": \"right\", \"formatter\": \"number\", \"id\": \"caae9781-b951-11e9-8945-b5f393c4775d\", \"fill\": \"0.2\"}, {\"line_width\": \"1\", \"point_size\": 0, \"color\": \"rgba(237,193,119,1)\", \"stacked\": \"none\", \"value_template\": \"{{value}}\", \"label\": \"bulk_requests\", \"metrics\": [{\"field\": \"couchdb.server.httpd.bulk_requests\", \"type\": \"max\", \"id\": \"caae9786-b951-11e9-8945-b5f393c4775d\"}, {\"field\": \"caae9786-b951-11e9-8945-b5f393c4775d\", \"type\": \"derivative\", \"id\": \"caae9788-b951-11e9-8945-b5f393c4775d\", \"unit\": \"1s\"}, {\"field\": \"caae9788-b951-11e9-8945-b5f393c4775d\", \"type\": \"positive_only\", \"id\": \"caae9787-b951-11e9-8945-b5f393c4775d\"}], \"split_mode\": \"everything\", \"chart_type\": \"line\", \"separate_axis\": 0, \"axis_position\": \"right\", \"formatter\": \"number\", \"id\": \"caae9785-b951-11e9-8945-b5f393c4775d\", \"fill\": \"0.2\"}], \"axis_formatter\": \"number\", \"interval\": \"auto\", \"id\": \"caae9780-b951-11e9-8945-b5f393c4775d\", \"filter\": {\"query\": \"couchdb\", \"language\": \"kuery\"}, \"time_field\": \"@timestamp\", \"show_legend\": 1, \"show_grid\": 1, \"axis_scale\": \"normal\", \"type\": \"timeseries\", \"axis_position\": \"left\"}, \"aggs\": [], \"title\": \"Number of HTTP Requests [Metricbeat CouchDB] ECS\"}"
            }, 
            "id": "06018310-b952-11e9-a579-f5c0a5d81340", 
            "migrationVersion": {
                "visualization": "7.3.0"
            }, 
            "references": [], 
            "type": "visualization", 
            "updated_at": "2019-08-09T10:30:13.765Z", 
            "version": "WzExMTAsMV0="
        }, 
        {
            "attributes": {
                "description": "", 
                "kibanaSavedObjectMeta": {
                    "searchSourceJSON": "{\"filter\": [], \"query\": {\"query\": \"\", \"language\": \"kuery\"}}"
                }, 
                "title": "Number of View Reads [Metricbeat CouchDB] ECS", 
                "uiStateJSON": "{}", 
                "version": 1, 
                "visState": "{\"type\": \"metrics\", \"params\": {\"default_index_pattern\": \"metricbeat-*\", \"index_pattern\": \"metricbeat-*\", \"default_timefield\": \"@timestamp\", \"series\": [{\"line_width\": 2, \"point_size\": 0, \"color\": \"rgba(0,156,224,1)\", \"stacked\": \"none\", \"value_template\": \"{{value}}\", \"label\": \"view_reads\", \"metrics\": [{\"field\": \"couchdb.server.httpd.view_reads\", \"type\": \"max\", \"id\": \"1d4e0522-b952-11e9-b9f3-4d741a808166\"}, {\"field\": \"1d4e0522-b952-11e9-b9f3-4d741a808166\", \"type\": \"derivative\", \"id\": \"1d4e0524-b952-11e9-b9f3-4d741a808166\", \"unit\": \"1s\"}, {\"field\": \"1d4e0524-b952-11e9-b9f3-4d741a808166\", \"type\": \"positive_only\", \"id\": \"1d4e0523-b952-11e9-b9f3-4d741a808166\"}], \"split_mode\": \"everything\", \"chart_type\": \"line\", \"separate_axis\": 0, \"axis_position\": \"right\", \"formatter\": \"number\", \"id\": \"1d4e0521-b952-11e9-b9f3-4d741a808166\", \"fill\": 0}, {\"line_width\": 2, \"point_size\": 0, \"color\": \"rgba(247,61,231,1)\", \"stacked\": \"none\", \"value_template\": \"{{value}}\", \"label\": \"temporary_view_reads\", \"metrics\": [{\"field\": \"couchdb.server.httpd.temporary_view_reads\", \"type\": \"max\", \"id\": \"1d4e0526-b952-11e9-b9f3-4d741a808166\"}, {\"field\": \"1d4e0526-b952-11e9-b9f3-4d741a808166\", \"type\": \"derivative\", \"id\": \"1d4e0528-b952-11e9-b9f3-4d741a808166\", \"unit\": \"1s\"}, {\"field\": \"1d4e0528-b952-11e9-b9f3-4d741a808166\", \"type\": \"positive_only\", \"id\": \"1d4e0527-b952-11e9-b9f3-4d741a808166\"}], \"split_mode\": \"everything\", \"chart_type\": \"line\", \"separate_axis\": 0, \"axis_position\": \"right\", \"formatter\": \"number\", \"id\": \"1d4e0525-b952-11e9-b9f3-4d741a808166\", \"fill\": 0}], \"axis_formatter\": \"number\", \"interval\": \"auto\", \"id\": \"1d4e0520-b952-11e9-b9f3-4d741a808166\", \"filter\": {\"query\": \"couchdb\", \"language\": \"kuery\"}, \"time_field\": \"@timestamp\", \"show_legend\": 1, \"show_grid\": 1, \"axis_scale\": \"normal\", \"type\": \"timeseries\", \"axis_position\": \"left\"}, \"aggs\": [], \"title\": \"Number of View Reads [Metricbeat CouchDB] ECS\"}"
            }, 
            "id": "496910f0-b952-11e9-a579-f5c0a5d81340", 
            "migrationVersion": {
                "visualization": "7.3.0"
            }, 
            "references": [], 
            "type": "visualization", 
            "updated_at": "2019-08-09T10:31:41.262Z", 
            "version": "WzExMzEsMV0="
        }
    ], 
    "version": "7.3.0"
}