{
    "objects": [
        {
            "attributes": {
                "description": "Overview of AWS SQS Metrics", 
                "hits": 0, 
                "kibanaSavedObjectMeta": {
                    "searchSourceJSON": "{\"filter\": [], \"query\": {\"query\": \"\", \"language\": \"kuery\"}}"
                }, 
                "optionsJSON": "{\"useMargins\": true, \"hidePanelTitles\": false}", 
                "panelsJSON": "[{\"gridData\": {\"i\": \"1\", \"h\": 8, \"y\": 0, \"w\": 12, \"x\": 12}, \"panelRefName\": \"panel_0\", \"version\": \"7.0.0-beta1\", \"panelIndex\": \"1\", \"embeddableConfig\": {}}, {\"gridData\": {\"i\": \"2\", \"h\": 8, \"y\": 0, \"w\": 12, \"x\": 36}, \"panelRefName\": \"panel_1\", \"version\": \"7.0.0-beta1\", \"panelIndex\": \"2\", \"embeddableConfig\": {}}, {\"gridData\": {\"i\": \"3\", \"h\": 8, \"y\": 8, \"w\": 24, \"x\": 0}, \"panelRefName\": \"panel_2\", \"version\": \"7.0.0-beta1\", \"panelIndex\": \"3\", \"embeddableConfig\": {}}, {\"gridData\": {\"i\": \"4\", \"h\": 8, \"y\": 8, \"w\": 24, \"x\": 24}, \"panelRefName\": \"panel_3\", \"version\": \"7.0.0-beta1\", \"panelIndex\": \"4\", \"embeddableConfig\": {}}, {\"gridData\": {\"i\": \"7\", \"h\": 8, \"y\": 16, \"w\": 24, \"x\": 0}, \"panelRefName\": \"panel_4\", \"version\": \"7.0.0-beta1\", \"panelIndex\": \"7\", \"embeddableConfig\": {}}, {\"gridData\": {\"i\": \"8\", \"h\": 8, \"y\": 16, \"w\": 24, \"x\": 24}, \"panelRefName\": \"panel_5\", \"version\": \"7.0.0-beta1\", \"panelIndex\": \"8\", \"embeddableConfig\": {}}, {\"gridData\": {\"i\": \"9\", \"h\": 8, \"y\": 0, \"w\": 12, \"x\": 0}, \"panelRefName\": \"panel_6\", \"version\": \"7.0.0-beta1\", \"panelIndex\": \"9\", \"embeddableConfig\": {}}, {\"gridData\": {\"i\": \"10\", \"h\": 8, \"y\": 0, \"w\": 12, \"x\": 24}, \"panelRefName\": \"panel_7\", \"version\": \"7.0.0\", \"panelIndex\": \"10\", \"embeddableConfig\": {}}]", 
                "timeRestore": false, 
                "title": "[Metricbeat AWS] SQS Overview", 
                "version": 1
            }, 
            "id": "234aeda0-43b7-11e9-8697-530f39afc6eb", 
            "migrationVersion": {
                "dashboard": "7.0.0"
            }, 
            "references": [
                {
                    "id": "f74eb760-41e8-11e9-b7a0-c99d9d127b61", 
                    "name": "panel_0", 
                    "type": "visualization"
                }, 
                {
                    "id": "53730d20-437e-11e9-8697-530f39afc6eb", 
                    "name": "panel_1", 
                    "type": "visualization"
                }, 
                {
                    "id": "1235fe50-41e7-11e9-b7a0-c99d9d127b61", 
                    "name": "panel_2", 
                    "type": "visualization"
                }, 
                {
                    "id": "be6c4180-41e6-11e9-b7a0-c99d9d127b61", 
                    "name": "panel_3", 
                    "type": "visualization"
                }, 
                {
                    "id": "dcd31cd0-41e5-11e9-b7a0-c99d9d127b61", 
                    "name": "panel_4", 
                    "type": "visualization"
                }, 
                {
                    "id": "dd2f2a10-41e6-11e9-b7a0-c99d9d127b61", 
                    "name": "panel_5", 
                    "type": "visualization"
                }, 
                {
                    "id": "b0afd3e0-43b7-11e9-8697-530f39afc6eb", 
                    "name": "panel_6", 
                    "type": "visualization"
                }, 
                {
                    "id": "bb82c4d0-6c25-11e9-81bc-7f4cd8b3d892", 
                    "name": "panel_7", 
                    "type": "visualization"
                }
            ], 
            "type": "dashboard", 
            "updated_at": "2019-05-29T14:11:54.211Z", 
            "version": "WzI4NywxXQ=="
        }, 
        {
            "attributes": {
                "description": "", 
                "kibanaSavedObjectMeta": {
                    "searchSourceJSON": "{\"filter\": [], \"query\": {\"query\": \"\", \"language\": \"kuery\"}}"
                }, 
                "title": "SQS Messages Visible [Metricbeat AWS]", 
                "uiStateJSON": "{}", 
                "version": 1, 
                "visState": "{\"type\": \"metrics\", \"params\": {\"bar_color_rules\": [{\"id\": \"d2d14920-41e8-11e9-9e94-11d4d21d3f4b\"}], \"default_index_pattern\": \"metricbeat-*\", \"background_color_rules\": [{\"id\": \"d5b83c70-41e8-11e9-9e94-11d4d21d3f4b\"}], \"index_pattern\": \"metricbeat-*\", \"gauge_inner_width\": 10, \"series\": [{\"line_width\": 1, \"terms_field\": \"aws.sqs.queue.name.keyword\", \"point_size\": 1, \"terms_size\": \"5\", \"color\": \"#68BC00\", \"stacked\": \"none\", \"label\": \"SQS Message Visible\", \"metrics\": [{\"field\": \"aws.sqs.messages.visible\", \"type\": \"avg\", \"id\": \"61ca57f2-469d-11e7-af02-69e470af7417\"}], \"split_mode\": \"terms\", \"chart_type\": \"line\", \"terms_order_by\": \"61ca57f2-469d-11e7-af02-69e470af7417\", \"separate_axis\": 0, \"axis_position\": \"right\", \"formatter\": \"number\", \"id\": \"61ca57f1-469d-11e7-af02-69e470af7417\", \"fill\": \"0\"}], \"axis_formatter\": \"number\", \"interval\": \"5m\", \"id\": \"61ca57f0-469d-11e7-af02-69e470af7417\", \"gauge_color_rules\": [{\"id\": \"d2163680-41e8-11e9-9e94-11d4d21d3f4b\"}], \"time_field\": \"@timestamp\", \"show_legend\": 1, \"show_grid\": 1, \"gauge_style\": \"half\", \"axis_scale\": \"normal\", \"gauge_width\": 10, \"type\": \"top_n\", \"axis_position\": \"left\"}, \"aggs\": [], \"title\": \"AWS SQS Messages Visible\"}"
            }, 
            "id": "f74eb760-41e8-11e9-b7a0-c99d9d127b61", 
            "migrationVersion": {
                "visualization": "7.2.0"
            }, 
            "references": [], 
            "type": "visualization", 
            "updated_at": "2019-05-29T14:11:54.211Z", 
            "version": "WzI4OCwxXQ=="
        }, 
        {
            "attributes": {
                "description": "", 
                "kibanaSavedObjectMeta": {
                    "searchSourceJSON": "{\"filter\": [], \"query\": {\"query\": \"\", \"language\": \"kuery\"}}"
                }, 
                "title": "SQS Oldest Message Age in Seconds [Metricbeat AWS]", 
                "uiStateJSON": "{}", 
                "version": 1, 
                "visState": "{\"type\": \"metrics\", \"params\": {\"bar_color_rules\": [{\"id\": \"3e3d3610-437e-11e9-a35d-972620e4f790\"}], \"default_index_pattern\": \"metricbeat-*\", \"index_pattern\": \"metricbeat-*\", \"time_field\": \"@timestamp\", \"series\": [{\"line_width\": 1, \"terms_field\": \"aws.sqs.queue.name.keyword\", \"point_size\": 1, \"terms_size\": \"5\", \"color\": \"#68BC00\", \"stacked\": \"none\", \"label\": \"AWS SQS Oldest Message Age in Seconds\", \"metrics\": [{\"field\": \"aws.sqs.oldest_message_age.sec\", \"type\": \"max\", \"id\": \"61ca57f2-469d-11e7-af02-69e470af7417\"}], \"split_mode\": \"terms\", \"chart_type\": \"line\", \"terms_order_by\": \"61ca57f2-469d-11e7-af02-69e470af7417\", \"separate_axis\": 0, \"axis_position\": \"right\", \"formatter\": \"number\", \"id\": \"61ca57f1-469d-11e7-af02-69e470af7417\", \"fill\": 0.5}], \"axis_formatter\": \"number\", \"interval\": \"5m\", \"id\": \"61ca57f0-469d-11e7-af02-69e470af7417\", \"show_legend\": 1, \"show_grid\": 1, \"axis_scale\": \"normal\", \"type\": \"top_n\", \"axis_position\": \"left\"}, \"aggs\": [], \"title\": \"AWS SQS Oldest Message Age in Seconds\"}"
            }, 
            "id": "53730d20-437e-11e9-8697-530f39afc6eb", 
            "migrationVersion": {
                "visualization": "7.2.0"
            }, 
            "references": [], 
            "type": "visualization", 
            "updated_at": "2019-05-29T14:11:54.211Z", 
            "version": "WzI4OSwxXQ=="
        }, 
        {
            "attributes": {
                "description": "", 
                "kibanaSavedObjectMeta": {
                    "searchSourceJSON": "{\"filter\": [], \"query\": {\"query\": \"\", \"language\": \"kuery\"}}"
                }, 
                "title": "SQS Messages Received [Metricbeat AWS]", 
                "uiStateJSON": "{}", 
                "version": 1, 
                "visState": "{\"type\": \"metrics\", \"params\": {\"bar_color_rules\": [{\"id\": \"57cc0200-43b5-11e9-84e9-a97a63579915\"}], \"default_index_pattern\": \"metricbeat-*\", \"background_color_rules\": [{\"id\": \"1ccb6710-43b3-11e9-8c70-d17a67455a84\"}], \"index_pattern\": \"metricbeat-*\", \"time_field\": \"@timestamp\", \"series\": [{\"line_width\": 1, \"terms_field\": \"aws.sqs.queue.name.keyword\", \"point_size\": 1, \"terms_order_by\": \"61ca57f2-469d-11e7-af02-69e470af7417\", \"color\": \"#68BC00\", \"stacked\": \"none\", \"terms_size\": \"5\", \"metrics\": [{\"field\": \"aws.sqs.messages.received\", \"type\": \"sum\", \"id\": \"61ca57f2-469d-11e7-af02-69e470af7417\"}], \"split_mode\": \"terms\", \"chart_type\": \"line\", \"series_drop_last_bucket\": 1, \"separate_axis\": 0, \"axis_position\": \"right\", \"formatter\": \"number\", \"id\": \"61ca57f1-469d-11e7-af02-69e470af7417\", \"split_color_mode\": \"rainbow\", \"fill\": \"0\"}], \"axis_formatter\": \"number\", \"interval\": \"5m\", \"id\": \"61ca57f0-469d-11e7-af02-69e470af7417\", \"show_legend\": 1, \"show_grid\": 1, \"axis_scale\": \"normal\", \"type\": \"timeseries\", \"axis_position\": \"left\", \"drop_last_bucket\": 1}, \"aggs\": [], \"title\": \"AWS SQS Messages Received\"}"
            }, 
            "id": "1235fe50-41e7-11e9-b7a0-c99d9d127b61", 
            "migrationVersion": {
                "visualization": "7.2.0"
            }, 
            "references": [], 
            "type": "visualization", 
            "updated_at": "2019-05-29T14:11:54.211Z", 
            "version": "WzI5MCwxXQ=="
        }, 
        {
            "attributes": {
                "description": "", 
                "kibanaSavedObjectMeta": {
                    "searchSourceJSON": "{\"filter\": [], \"query\": {\"query\": \"\", \"language\": \"kuery\"}}"
                }, 
                "title": "SQS Messages Deleted [Metricbeat AWS]", 
                "uiStateJSON": "{}", 
                "version": 1, 
                "visState": "{\"type\": \"metrics\", \"params\": {\"default_index_pattern\": \"metricbeat-*\", \"index_pattern\": \"metricbeat-*\", \"time_field\": \"@timestamp\", \"series\": [{\"line_width\": 1, \"terms_field\": \"aws.sqs.queue.name.keyword\", \"point_size\": 1, \"terms_size\": \"5\", \"color\": \"#68BC00\", \"stacked\": \"none\", \"metrics\": [{\"field\": \"aws.sqs.messages.deleted\", \"type\": \"avg\", \"id\": \"61ca57f2-469d-11e7-af02-69e470af7417\"}], \"split_mode\": \"terms\", \"chart_type\": \"line\", \"terms_order_by\": \"61ca57f2-469d-11e7-af02-69e470af7417\", \"separate_axis\": 0, \"axis_position\": \"right\", \"formatter\": \"number\", \"id\": \"61ca57f1-469d-11e7-af02-69e470af7417\", \"split_color_mode\": \"rainbow\", \"fill\": \"0\"}], \"axis_formatter\": \"number\", \"interval\": \"5m\", \"id\": \"61ca57f0-469d-11e7-af02-69e470af7417\", \"show_legend\": 1, \"show_grid\": 1, \"axis_scale\": \"normal\", \"type\": \"timeseries\", \"axis_position\": \"left\", \"drop_last_bucket\": 1}, \"aggs\": [], \"title\": \"AWS SQS Messages Deleted\"}"
            }, 
            "id": "be6c4180-41e6-11e9-b7a0-c99d9d127b61", 
            "migrationVersion": {
                "visualization": "7.2.0"
            }, 
            "references": [], 
            "type": "visualization", 
            "updated_at": "2019-05-29T14:11:54.211Z", 
            "version": "WzI5MSwxXQ=="
        }, 
        {
            "attributes": {
                "description": "", 
                "kibanaSavedObjectMeta": {
                    "searchSourceJSON": "{\"filter\": [], \"query\": {\"query\": \"\", \"language\": \"kuery\"}}"
                }, 
                "title": "SQS Messages Delayed [Metricbeat AWS]", 
                "uiStateJSON": "{}", 
                "version": 1, 
                "visState": "{\"type\": \"metrics\", \"params\": {\"default_index_pattern\": \"metricbeat-*\", \"index_pattern\": \"metricbeat-*\", \"time_field\": \"@timestamp\", \"series\": [{\"line_width\": 1, \"terms_field\": \"aws.sqs.queue.name.keyword\", \"point_size\": 1, \"terms_size\": \"5\", \"color\": \"#68BC00\", \"stacked\": \"none\", \"metrics\": [{\"field\": \"aws.sqs.messages.delayed\", \"type\": \"avg\", \"id\": \"61ca57f2-469d-11e7-af02-69e470af7417\"}], \"split_mode\": \"terms\", \"chart_type\": \"line\", \"terms_order_by\": \"61ca57f2-469d-11e7-af02-69e470af7417\", \"separate_axis\": 0, \"axis_position\": \"right\", \"formatter\": \"number\", \"id\": \"61ca57f1-469d-11e7-af02-69e470af7417\", \"split_color_mode\": \"rainbow\", \"fill\": \"0\"}], \"axis_formatter\": \"number\", \"interval\": \"5m\", \"id\": \"61ca57f0-469d-11e7-af02-69e470af7417\", \"show_legend\": 1, \"show_grid\": 1, \"axis_scale\": \"normal\", \"type\": \"timeseries\", \"axis_position\": \"left\", \"drop_last_bucket\": 1}, \"aggs\": [], \"title\": \"AWS SQS Messages Delayed\"}"
            }, 
            "id": "dcd31cd0-41e5-11e9-b7a0-c99d9d127b61", 
            "migrationVersion": {
                "visualization": "7.2.0"
            }, 
            "references": [], 
            "type": "visualization", 
            "updated_at": "2019-05-29T14:11:54.211Z", 
            "version": "WzI5MiwxXQ=="
        }, 
        {
            "attributes": {
                "description": "", 
                "kibanaSavedObjectMeta": {
                    "searchSourceJSON": "{\"filter\": [], \"query\": {\"query\": \"\", \"language\": \"kuery\"}}"
                }, 
                "title": "SQS Messages Sent [Metricbeat AWS]", 
                "uiStateJSON": "{}", 
                "version": 1, 
                "visState": "{\"type\": \"metrics\", \"params\": {\"default_index_pattern\": \"metricbeat-*\", \"background_color_rules\": [{\"id\": \"d95adba0-6b8a-11e9-98b0-9b2c3d14a4c1\"}], \"index_pattern\": \"metricbeat-*\", \"time_field\": \"@timestamp\", \"series\": [{\"line_width\": 1, \"terms_field\": \"aws.sqs.queue.name.keyword\", \"point_size\": 1, \"terms_size\": \"5\", \"color\": \"#68BC00\", \"stacked\": \"none\", \"metrics\": [{\"field\": \"aws.sqs.messages.sent\", \"type\": \"avg\", \"id\": \"61ca57f2-469d-11e7-af02-69e470af7417\"}], \"split_mode\": \"terms\", \"chart_type\": \"line\", \"terms_order_by\": \"61ca57f2-469d-11e7-af02-69e470af7417\", \"separate_axis\": 0, \"axis_position\": \"right\", \"formatter\": \"number\", \"id\": \"61ca57f1-469d-11e7-af02-69e470af7417\", \"split_color_mode\": \"rainbow\", \"fill\": \"0\"}], \"axis_formatter\": \"number\", \"interval\": \"5m\", \"id\": \"61ca57f0-469d-11e7-af02-69e470af7417\", \"show_legend\": 1, \"show_grid\": 1, \"axis_scale\": \"normal\", \"type\": \"timeseries\", \"axis_position\": \"left\", \"drop_last_bucket\": 1}, \"aggs\": [], \"title\": \"AWS SQS Messages Sent\"}"
            }, 
            "id": "dd2f2a10-41e6-11e9-b7a0-c99d9d127b61", 
            "migrationVersion": {
                "visualization": "7.2.0"
            }, 
            "references": [], 
            "type": "visualization", 
            "updated_at": "2019-05-29T14:11:54.211Z", 
            "version": "WzI5MywxXQ=="
        }, 
        {
            "attributes": {
                "description": "", 
                "kibanaSavedObjectMeta": {
                    "searchSourceJSON": "{\"filter\": [], \"query\": {\"query\": \"\", \"language\": \"kuery\"}}"
                }, 
                "title": "SQS Filters [Metricbeat AWS]", 
                "uiStateJSON": "{}", 
                "version": 1, 
                "visState": "{\"type\": \"input_control_vis\", \"params\": {\"pinFilters\": false, \"useTimeFilter\": false, \"updateFiltersOnChange\": true, \"controls\": [{\"parent\": \"\", \"indexPatternRefName\": \"control_0_index_pattern\", \"label\": \"region\", \"fieldName\": \"cloud.region\", \"id\": \"1549397251041\", \"type\": \"list\", \"options\": {\"type\": \"terms\", \"size\": 5, \"multiselect\": true, \"dynamicOptions\": true, \"order\": \"desc\"}}, {\"parent\": \"\", \"indexPatternRefName\": \"control_1_index_pattern\", \"label\": \"queue name\", \"fieldName\": \"aws.sqs.queue.name\", \"id\": \"1549512142947\", \"type\": \"list\", \"options\": {\"type\": \"terms\", \"size\": 5, \"multiselect\": true, \"dynamicOptions\": true, \"order\": \"desc\"}}]}, \"aggs\": [], \"title\": \"AWS SQS Filters\"}"
            }, 
            "id": "b0afd3e0-43b7-11e9-8697-530f39afc6eb", 
            "migrationVersion": {
                "visualization": "7.2.0"
            }, 
            "references": [
                {
                    "id": "metricbeat-*", 
                    "name": "control_0_index_pattern", 
                    "type": "index-pattern"
                }, 
                {
                    "id": "metricbeat-*", 
                    "name": "control_1_index_pattern", 
                    "type": "index-pattern"
                }
            ], 
            "type": "visualization", 
            "updated_at": "2019-05-29T14:13:49.585Z", 
            "version": "WzQ5NCwxXQ=="
        }, 
        {
            "attributes": {
                "description": "", 
                "kibanaSavedObjectMeta": {
                    "searchSourceJSON": "{\"filter\": [], \"query\": {\"query\": \"\", \"language\": \"kuery\"}}"
                }, 
                "title": "SQS Empty Receives [Metricbeat AWS]", 
                "uiStateJSON": "{}", 
                "version": 1, 
                "visState": "{\"type\": \"metrics\", \"params\": {\"bar_color_rules\": [{\"id\": \"a7e8c370-6c25-11e9-9cd1-3bdb0c7db024\"}], \"default_index_pattern\": \"metricbeat-*\", \"background_color_rules\": [{\"id\": \"d95adba0-6b8a-11e9-98b0-9b2c3d14a4c1\"}], \"index_pattern\": \"metricbeat-*\", \"gauge_inner_width\": 10, \"series\": [{\"line_width\": 1, \"terms_field\": \"aws.sqs.queue.name.keyword\", \"point_size\": 1, \"terms_size\": \"5\", \"color\": \"#68BC00\", \"stacked\": \"none\", \"metrics\": [{\"field\": \"aws.sqs.empty_receives\", \"percentiles\": [{\"value\": 50, \"id\": \"74323cf0-6c25-11e9-9cd1-3bdb0c7db024\", \"shade\": 0.2, \"mode\": \"line\"}], \"numerator\": \"\", \"id\": \"61ca57f2-469d-11e7-af02-69e470af7417\", \"type\": \"avg\"}], \"split_mode\": \"terms\", \"chart_type\": \"line\", \"terms_order_by\": \"61ca57f2-469d-11e7-af02-69e470af7417\", \"separate_axis\": 0, \"axis_position\": \"right\", \"formatter\": \"number\", \"id\": \"61ca57f1-469d-11e7-af02-69e470af7417\", \"split_color_mode\": \"rainbow\", \"fill\": \"0\"}], \"axis_formatter\": \"number\", \"interval\": \"5m\", \"id\": \"61ca57f0-469d-11e7-af02-69e470af7417\", \"gauge_color_rules\": [{\"id\": \"a778eaa0-6c25-11e9-9cd1-3bdb0c7db024\"}], \"time_field\": \"@timestamp\", \"show_legend\": 1, \"show_grid\": 1, \"gauge_style\": \"half\", \"axis_scale\": \"normal\", \"gauge_width\": 10, \"type\": \"top_n\", \"axis_position\": \"left\"}, \"aggs\": [], \"title\": \"AWS SQS Empty Receives\"}"
            }, 
            "id": "bb82c4d0-6c25-11e9-81bc-7f4cd8b3d892", 
            "migrationVersion": {
                "visualization": "7.2.0"
            }, 
            "references": [], 
            "type": "visualization", 
            "updated_at": "2019-05-29T14:11:54.211Z", 
            "version": "WzI5NSwxXQ=="
        }
    ], 
    "version": "7.2.0"
}