{
    "objects": [
        {
            "attributes": {
                "description": "Overview of AWS ELB Metrics", 
                "hits": 0, 
                "kibanaSavedObjectMeta": {
                    "searchSourceJSON": "{\"filter\": [], \"query\": {\"query\": \"\", \"language\": \"kuery\"}}"
                }, 
                "optionsJSON": "{\"useMargins\": true, \"hidePanelTitles\": false}", 
                "panelsJSON": "[{\"gridData\": {\"i\": \"2\", \"h\": 9, \"y\": 32, \"w\": 25, \"x\": 23}, \"title\": \"HTTP 5XX Errors\", \"embeddableConfig\": {}, \"version\": \"7.4.0\", \"panelRefName\": \"panel_0\", \"panelIndex\": \"2\"}, {\"gridData\": {\"i\": \"3\", \"h\": 11, \"y\": 0, \"w\": 37, \"x\": 11}, \"title\": \"Request Count\", \"embeddableConfig\": {}, \"version\": \"7.4.0\", \"panelRefName\": \"panel_1\", \"panelIndex\": \"3\"}, {\"gridData\": {\"i\": \"4\", \"h\": 8, \"y\": 15, \"w\": 11, \"x\": 0}, \"title\": \"Unhealthy Host Count\", \"embeddableConfig\": {}, \"version\": \"7.4.0\", \"panelRefName\": \"panel_2\", \"panelIndex\": \"4\"}, {\"gridData\": {\"i\": \"5\", \"h\": 8, \"y\": 7, \"w\": 11, \"x\": 0}, \"title\": \"Healthy Host Count\", \"embeddableConfig\": {}, \"version\": \"7.4.0\", \"panelRefName\": \"panel_3\", \"panelIndex\": \"5\"}, {\"gridData\": {\"i\": \"6\", \"h\": 12, \"y\": 11, \"w\": 37, \"x\": 11}, \"title\": \"Latency in Seconds\", \"embeddableConfig\": {}, \"version\": \"7.4.0\", \"panelRefName\": \"panel_4\", \"panelIndex\": \"6\"}, {\"gridData\": {\"i\": \"7\", \"h\": 9, \"y\": 32, \"w\": 23, \"x\": 0}, \"title\": \"HTTP Backend 4XX Errors\", \"embeddableConfig\": {}, \"version\": \"7.4.0\", \"panelRefName\": \"panel_5\", \"panelIndex\": \"7\"}, {\"gridData\": {\"i\": \"8\", \"h\": 9, \"y\": 23, \"w\": 23, \"x\": 0}, \"title\": \"Backend Connection Errors\", \"embeddableConfig\": {}, \"version\": \"7.4.0\", \"panelRefName\": \"panel_6\", \"panelIndex\": \"8\"}, {\"gridData\": {\"i\": \"9\", \"h\": 7, \"y\": 0, \"w\": 11, \"x\": 0}, \"panelRefName\": \"panel_7\", \"version\": \"7.4.0\", \"panelIndex\": \"9\", \"embeddableConfig\": {}}, {\"gridData\": {\"i\": \"10\", \"h\": 9, \"y\": 23, \"w\": 25, \"x\": 23}, \"title\": \"HTTP Backend 2XX\", \"embeddableConfig\": {}, \"version\": \"7.4.0\", \"panelRefName\": \"panel_8\", \"panelIndex\": \"10\"}]", 
                "timeRestore": false, 
                "title": "[Metricbeat AWS] ELB Overview", 
                "version": 1
            }, 
            "id": "e74bf320-b3ce-11e9-87a4-078dbbae220d", 
            "migrationVersion": {
                "dashboard": "7.2.0"
            }, 
            "references": [
                {
                    "id": "b9703dd0-b3c9-11e9-87a4-078dbbae220d", 
                    "name": "panel_0", 
                    "type": "visualization"
                }, 
                {
                    "id": "d560de70-b3c7-11e9-87a4-078dbbae220d", 
                    "name": "panel_1", 
                    "type": "visualization"
                }, 
                {
                    "id": "6fc1efd0-b3c9-11e9-87a4-078dbbae220d", 
                    "name": "panel_2", 
                    "type": "visualization"
                }, 
                {
                    "id": "6392bc30-b3c9-11e9-87a4-078dbbae220d", 
                    "name": "panel_3", 
                    "type": "visualization"
                }, 
                {
                    "id": "b2ea15a0-b3c7-11e9-87a4-078dbbae220d", 
                    "name": "panel_4", 
                    "type": "visualization"
                }, 
                {
                    "id": "21f30090-b3ca-11e9-87a4-078dbbae220d", 
                    "name": "panel_5", 
                    "type": "visualization"
                }, 
                {
                    "id": "572d40e0-b3ca-11e9-87a4-078dbbae220d", 
                    "name": "panel_6", 
                    "type": "visualization"
                }, 
                {
                    "id": "b5308940-7347-11e9-816b-07687310a99a", 
                    "name": "panel_7", 
                    "type": "visualization"
                }, 
                {
                    "id": "1f528f50-b3ce-11e9-87a4-078dbbae220d", 
                    "name": "panel_8", 
                    "type": "visualization"
                }
            ], 
            "type": "dashboard", 
            "updated_at": "2019-09-12T02:24:38.326Z", 
            "version": "WzI0MTYsN10="
        }, 
        {
            "attributes": {
                "description": "", 
                "kibanaSavedObjectMeta": {
                    "searchSourceJSON": "{\"filter\": [], \"query\": {\"query\": \"\", \"language\": \"kuery\"}}"
                }, 
                "title": "ELB HTTP 5XX Errors [Metricbeat AWS]", 
                "uiStateJSON": "{}", 
                "version": 1, 
                "visState": "{\"type\": \"metrics\", \"params\": {\"default_index_pattern\": \"metricbeat-*\", \"gauge_inner_width\": 10, \"series\": [{\"line_width\": 2, \"terms_field\": \"aws.cloudwatch.dimensions.LoadBalancerName\", \"point_size\": \"5\", \"color\": \"#3185FC\", \"stacked\": \"none\", \"value_template\": \"{{value}}\", \"label\": \"HTTP 5XX Errors\", \"metrics\": [{\"field\": \"aws.metrics.HTTPCode_ELB_5XX.sum\", \"type\": \"avg\", \"id\": \"35d3cbc2-b3c6-11e9-bf3f-29d51aa3d971\"}], \"split_mode\": \"terms\", \"chart_type\": \"line\", \"terms_order_by\": \"35d3cbc2-b3c6-11e9-bf3f-29d51aa3d971\", \"separate_axis\": 0, \"axis_position\": \"right\", \"formatter\": \"number\", \"id\": \"35d3cbc1-b3c6-11e9-bf3f-29d51aa3d971\", \"split_color_mode\": \"rainbow\", \"fill\": 0}], \"isModelInvalid\": false, \"show_legend\": 1, \"axis_position\": \"left\", \"id\": \"35d3cbc0-b3c6-11e9-bf3f-29d51aa3d971\", \"bar_color_rules\": [{\"id\": \"7db91990-b3c6-11e9-af6e-ef22c5680226\"}], \"gauge_color_rules\": [{\"id\": \"7d0b9b80-b3c6-11e9-af6e-ef22c5680226\"}], \"background_color_rules\": [{\"id\": \"7e66beb0-b3c6-11e9-af6e-ef22c5680226\"}], \"axis_formatter\": \"number\", \"index_pattern\": \"metricbeat-*\", \"type\": \"timeseries\", \"default_timefield\": \"@timestamp\", \"axis_min\": \"0\", \"show_grid\": 1, \"axis_scale\": \"normal\", \"gauge_width\": 10, \"time_field\": \"@timestamp\", \"interval\": \"5m\", \"filter\": \"\", \"gauge_style\": \"half\"}, \"aggs\": [], \"title\": \"ELB HTTP 5XX Errors [Metricbeat AWS]\"}"
            }, 
            "id": "b9703dd0-b3c9-11e9-87a4-078dbbae220d", 
            "migrationVersion": {
                "visualization": "7.2.0"
            }, 
            "references": [], 
            "type": "visualization", 
            "updated_at": "2019-09-12T02:24:22.066Z", 
            "version": "WzI0MTUsN10="
        }, 
        {
            "attributes": {
                "description": "", 
                "kibanaSavedObjectMeta": {
                    "searchSourceJSON": "{\"filter\": [], \"query\": {\"query\": \"\", \"language\": \"kuery\"}}"
                }, 
                "title": "ELB Request Count [Metricbeat AWS]", 
                "uiStateJSON": "{}", 
                "version": 1, 
                "visState": "{\"type\": \"metrics\", \"params\": {\"default_index_pattern\": \"metricbeat-*\", \"gauge_inner_width\": 10, \"series\": [{\"line_width\": 2, \"terms_field\": \"aws.cloudwatch.dimensions.LoadBalancerName\", \"point_size\": \"5\", \"color\": \"#3185FC\", \"stacked\": \"none\", \"value_template\": \"{{value}}\", \"label\": \"Request Count\", \"metrics\": [{\"field\": \"aws.metrics.RequestCount.sum\", \"type\": \"avg\", \"id\": \"35d3cbc2-b3c6-11e9-bf3f-29d51aa3d971\"}], \"split_mode\": \"terms\", \"chart_type\": \"line\", \"terms_order_by\": \"35d3cbc2-b3c6-11e9-bf3f-29d51aa3d971\", \"separate_axis\": 0, \"axis_position\": \"right\", \"formatter\": \"number\", \"type\": \"timeseries\", \"id\": \"35d3cbc1-b3c6-11e9-bf3f-29d51aa3d971\", \"split_color_mode\": \"rainbow\", \"fill\": 0}], \"isModelInvalid\": false, \"show_legend\": 1, \"axis_position\": \"left\", \"id\": \"35d3cbc0-b3c6-11e9-bf3f-29d51aa3d971\", \"bar_color_rules\": [{\"id\": \"7db91990-b3c6-11e9-af6e-ef22c5680226\"}], \"gauge_color_rules\": [{\"id\": \"7d0b9b80-b3c6-11e9-af6e-ef22c5680226\"}], \"background_color_rules\": [{\"id\": \"7e66beb0-b3c6-11e9-af6e-ef22c5680226\"}], \"axis_formatter\": \"number\", \"index_pattern\": \"metricbeat-*\", \"type\": \"timeseries\", \"default_timefield\": \"@timestamp\", \"axis_min\": \"0\", \"show_grid\": 1, \"axis_scale\": \"normal\", \"gauge_width\": 10, \"time_field\": \"@timestamp\", \"interval\": \"5m\", \"filter\": \"\", \"gauge_style\": \"half\"}, \"aggs\": [], \"title\": \"ELB Request Count [Metricbeat AWS]\"}"
            }, 
            "id": "d560de70-b3c7-11e9-87a4-078dbbae220d", 
            "migrationVersion": {
                "visualization": "7.2.0"
            }, 
            "references": [], 
            "type": "visualization", 
            "updated_at": "2019-09-12T02:22:46.781Z", 
            "version": "WzI0MDgsN10="
        }, 
        {
            "attributes": {
                "description": "", 
                "kibanaSavedObjectMeta": {
                    "searchSourceJSON": "{\"filter\": [], \"query\": {\"query\": \"\", \"language\": \"kuery\"}}"
                }, 
                "title": "ELB Unhealthy Host Count [Metricbeat AWS]", 
                "uiStateJSON": "{}", 
                "version": 1, 
                "visState": "{\"type\": \"metrics\", \"params\": {\"bar_color_rules\": [{\"id\": \"7db91990-b3c6-11e9-af6e-ef22c5680226\"}], \"default_index_pattern\": \"metricbeat-*\", \"background_color_rules\": [{\"color\": \"rgba(255,255,255,1)\", \"operator\": \"gt\", \"background_color\": \"rgba(244,78,59,1)\", \"id\": \"7e66beb0-b3c6-11e9-af6e-ef22c5680226\", \"value\": 0}], \"time_field\": \"@timestamp\", \"index_pattern\": \"metricbeat-*\", \"default_timefield\": \"@timestamp\", \"series\": [{\"line_width\": 2, \"terms_field\": \"aws.cloudwatch.dimensions.AvailabilityZone\", \"point_size\": 0, \"color\": \"#3185FC\", \"stacked\": \"none\", \"value_template\": \"{{value}}\", \"label\": \"Unhealthy Host Count\", \"metrics\": [{\"field\": \"aws.metrics.UnHealthyHostCount.max\", \"type\": \"max\", \"id\": \"35d3cbc2-b3c6-11e9-bf3f-29d51aa3d971\"}], \"split_mode\": \"everything\", \"chart_type\": \"line\", \"terms_order_by\": \"35d3cbc2-b3c6-11e9-bf3f-29d51aa3d971\", \"separate_axis\": 0, \"axis_position\": \"right\", \"formatter\": \"number\", \"id\": \"35d3cbc1-b3c6-11e9-bf3f-29d51aa3d971\", \"split_color_mode\": \"rainbow\", \"fill\": 0}], \"axis_formatter\": \"number\", \"interval\": \"5m\", \"isModelInvalid\": false, \"id\": \"35d3cbc0-b3c6-11e9-bf3f-29d51aa3d971\", \"filter\": \"\", \"gauge_inner_width\": 10, \"show_legend\": 1, \"gauge_color_rules\": [{\"id\": \"7d0b9b80-b3c6-11e9-af6e-ef22c5680226\"}], \"show_grid\": 1, \"gauge_style\": \"half\", \"axis_scale\": \"normal\", \"gauge_width\": 10, \"type\": \"metric\", \"axis_position\": \"left\"}, \"aggs\": [], \"title\": \"ELB Unhealthy Host Count [Metricbeat AWS]\"}"
            }, 
            "id": "6fc1efd0-b3c9-11e9-87a4-078dbbae220d", 
            "migrationVersion": {
                "visualization": "7.2.0"
            }, 
            "references": [], 
            "type": "visualization", 
            "updated_at": "2019-09-12T01:00:47.505Z", 
            "version": "WzIzOTYsN10="
        }, 
        {
            "attributes": {
                "description": "", 
                "kibanaSavedObjectMeta": {
                    "searchSourceJSON": "{\"filter\": [], \"query\": {\"query\": \"\", \"language\": \"kuery\"}}"
                }, 
                "title": "ELB Healthy Host Count [Metricbeat AWS]", 
                "uiStateJSON": "{}", 
                "version": 1, 
                "visState": "{\"type\": \"metrics\", \"params\": {\"bar_color_rules\": [{\"id\": \"7db91990-b3c6-11e9-af6e-ef22c5680226\"}], \"default_index_pattern\": \"metricbeat-*\", \"background_color_rules\": [{\"color\": \"rgba(255,255,255,1)\", \"operator\": \"gt\", \"background_color\": \"rgba(104,188,0,1)\", \"id\": \"7e66beb0-b3c6-11e9-af6e-ef22c5680226\", \"value\": 0}], \"time_field\": \"@timestamp\", \"index_pattern\": \"metricbeat-*\", \"default_timefield\": \"@timestamp\", \"series\": [{\"line_width\": 2, \"terms_field\": \"aws.cloudwatch.dimensions.AvailabilityZone\", \"point_size\": 0, \"color\": \"#3185FC\", \"stacked\": \"none\", \"value_template\": \"{{value}}\", \"label\": \"Healthy Host Count\", \"metrics\": [{\"field\": \"aws.metrics.HealthyHostCount.max\", \"type\": \"max\", \"id\": \"35d3cbc2-b3c6-11e9-bf3f-29d51aa3d971\"}], \"split_mode\": \"everything\", \"chart_type\": \"line\", \"terms_order_by\": \"35d3cbc2-b3c6-11e9-bf3f-29d51aa3d971\", \"separate_axis\": 0, \"axis_position\": \"right\", \"formatter\": \"number\", \"id\": \"35d3cbc1-b3c6-11e9-bf3f-29d51aa3d971\", \"split_color_mode\": \"rainbow\", \"fill\": 0}], \"axis_formatter\": \"number\", \"interval\": \"5m\", \"isModelInvalid\": false, \"id\": \"35d3cbc0-b3c6-11e9-bf3f-29d51aa3d971\", \"filter\": \"\", \"gauge_inner_width\": 10, \"show_legend\": 1, \"gauge_color_rules\": [{\"id\": \"7d0b9b80-b3c6-11e9-af6e-ef22c5680226\"}], \"show_grid\": 1, \"gauge_style\": \"half\", \"axis_scale\": \"normal\", \"gauge_width\": 10, \"type\": \"metric\", \"axis_position\": \"left\"}, \"aggs\": [], \"title\": \"ELB Healthy Host Count [Metricbeat AWS]\"}"
            }, 
            "id": "6392bc30-b3c9-11e9-87a4-078dbbae220d", 
            "migrationVersion": {
                "visualization": "7.2.0"
            }, 
            "references": [], 
            "type": "visualization", 
            "updated_at": "2019-09-12T01:00:18.978Z", 
            "version": "WzIzOTMsN10="
        }, 
        {
            "attributes": {
                "description": "", 
                "kibanaSavedObjectMeta": {
                    "searchSourceJSON": "{\"filter\": [], \"query\": {\"query\": \"\", \"language\": \"kuery\"}}"
                }, 
                "title": "ELB Latency in Seconds [Metricbeat AWS]", 
                "uiStateJSON": "{}", 
                "version": 1, 
                "visState": "{\"type\": \"metrics\", \"params\": {\"default_index_pattern\": \"metricbeat-*\", \"gauge_inner_width\": 10, \"series\": [{\"line_width\": 2, \"terms_field\": \"aws.cloudwatch.dimensions.LoadBalancerName\", \"point_size\": \"5\", \"color\": \"#3185FC\", \"stacked\": \"none\", \"value_template\": \"{{value}}\", \"label\": \"Latency in seconds\", \"metrics\": [{\"field\": \"aws.metrics.Latency.avg\", \"type\": \"avg\", \"id\": \"35d3cbc2-b3c6-11e9-bf3f-29d51aa3d971\"}], \"split_mode\": \"terms\", \"chart_type\": \"line\", \"terms_order_by\": \"35d3cbc2-b3c6-11e9-bf3f-29d51aa3d971\", \"separate_axis\": 0, \"axis_position\": \"right\", \"formatter\": \"s,s,3\", \"id\": \"35d3cbc1-b3c6-11e9-bf3f-29d51aa3d971\", \"split_color_mode\": \"rainbow\", \"fill\": 0}], \"isModelInvalid\": false, \"show_legend\": 1, \"axis_position\": \"left\", \"id\": \"35d3cbc0-b3c6-11e9-bf3f-29d51aa3d971\", \"bar_color_rules\": [{\"id\": \"7db91990-b3c6-11e9-af6e-ef22c5680226\"}], \"gauge_color_rules\": [{\"id\": \"7d0b9b80-b3c6-11e9-af6e-ef22c5680226\"}], \"background_color_rules\": [{\"id\": \"7e66beb0-b3c6-11e9-af6e-ef22c5680226\"}], \"axis_formatter\": \"number\", \"index_pattern\": \"metricbeat-*\", \"type\": \"timeseries\", \"default_timefield\": \"@timestamp\", \"axis_min\": \"0\", \"show_grid\": 1, \"axis_scale\": \"normal\", \"gauge_width\": 10, \"time_field\": \"@timestamp\", \"interval\": \"5m\", \"filter\": \"\", \"gauge_style\": \"half\"}, \"aggs\": [], \"title\": \"ELB Latency in Seconds [Metricbeat AWS]\"}"
            }, 
            "id": "b2ea15a0-b3c7-11e9-87a4-078dbbae220d", 
            "migrationVersion": {
                "visualization": "7.2.0"
            }, 
            "references": [], 
            "type": "visualization", 
            "updated_at": "2019-09-12T02:23:16.083Z", 
            "version": "WzI0MTAsN10="
        }, 
        {
            "attributes": {
                "description": "", 
                "kibanaSavedObjectMeta": {
                    "searchSourceJSON": "{\"filter\": [], \"query\": {\"query\": \"\", \"language\": \"kuery\"}}"
                }, 
                "title": "ELB HTTP Backend 4XX Errors [Metricbeat AWS]", 
                "uiStateJSON": "{}", 
                "version": 1, 
                "visState": "{\"type\": \"metrics\", \"params\": {\"default_index_pattern\": \"metricbeat-*\", \"gauge_inner_width\": 10, \"series\": [{\"line_width\": 2, \"terms_field\": \"aws.cloudwatch.dimensions.LoadBalancerName\", \"point_size\": \"5\", \"color\": \"#3185FC\", \"stacked\": \"none\", \"value_template\": \"{{value}}\", \"label\": \"HTTP Backend 4XX Errors\", \"metrics\": [{\"field\": \"aws.metrics.HTTPCode_Backend_4XX.sum\", \"type\": \"avg\", \"id\": \"35d3cbc2-b3c6-11e9-bf3f-29d51aa3d971\"}], \"split_mode\": \"terms\", \"chart_type\": \"line\", \"terms_order_by\": \"35d3cbc2-b3c6-11e9-bf3f-29d51aa3d971\", \"separate_axis\": 0, \"axis_position\": \"right\", \"formatter\": \"number\", \"id\": \"35d3cbc1-b3c6-11e9-bf3f-29d51aa3d971\", \"split_color_mode\": \"rainbow\", \"fill\": \"0\"}], \"isModelInvalid\": false, \"show_legend\": 1, \"axis_position\": \"left\", \"id\": \"35d3cbc0-b3c6-11e9-bf3f-29d51aa3d971\", \"bar_color_rules\": [{\"id\": \"7db91990-b3c6-11e9-af6e-ef22c5680226\"}], \"gauge_color_rules\": [{\"id\": \"7d0b9b80-b3c6-11e9-af6e-ef22c5680226\"}], \"background_color_rules\": [{\"id\": \"7e66beb0-b3c6-11e9-af6e-ef22c5680226\"}], \"axis_formatter\": \"number\", \"index_pattern\": \"metricbeat-*\", \"type\": \"timeseries\", \"default_timefield\": \"@timestamp\", \"axis_min\": \"0\", \"show_grid\": 1, \"axis_scale\": \"normal\", \"gauge_width\": 10, \"time_field\": \"@timestamp\", \"interval\": \"5m\", \"filter\": \"\", \"gauge_style\": \"half\"}, \"aggs\": [], \"title\": \"ELB HTTP Backend 4XX Errors [Metricbeat AWS]\"}"
            }, 
            "id": "21f30090-b3ca-11e9-87a4-078dbbae220d", 
            "migrationVersion": {
                "visualization": "7.2.0"
            }, 
            "references": [], 
            "type": "visualization", 
            "updated_at": "2019-09-12T02:24:09.023Z", 
            "version": "WzI0MTQsN10="
        }, 
        {
            "attributes": {
                "description": "", 
                "kibanaSavedObjectMeta": {
                    "searchSourceJSON": "{\"filter\": [], \"query\": {\"query\": \"\", \"language\": \"kuery\"}}"
                }, 
                "title": "ELB Backend Connection Errors [Metricbeat AWS]", 
                "uiStateJSON": "{}", 
                "version": 1, 
                "visState": "{\"type\": \"metrics\", \"params\": {\"default_index_pattern\": \"metricbeat-*\", \"gauge_inner_width\": 10, \"series\": [{\"line_width\": 2, \"terms_field\": \"aws.cloudwatch.dimensions.LoadBalancerName\", \"point_size\": \"5\", \"color\": \"#3185FC\", \"stacked\": \"none\", \"value_template\": \"{{value}}\", \"label\": \"Backend Connection Errors\", \"metrics\": [{\"field\": \"aws.metrics.BackendConnectionErrors.sum\", \"type\": \"avg\", \"id\": \"35d3cbc2-b3c6-11e9-bf3f-29d51aa3d971\"}], \"steps\": 0, \"split_mode\": \"terms\", \"chart_type\": \"line\", \"terms_order_by\": \"35d3cbc2-b3c6-11e9-bf3f-29d51aa3d971\", \"separate_axis\": 0, \"axis_position\": \"right\", \"formatter\": \"number\", \"id\": \"35d3cbc1-b3c6-11e9-bf3f-29d51aa3d971\", \"split_color_mode\": \"rainbow\", \"fill\": \"00\"}], \"isModelInvalid\": false, \"show_legend\": 1, \"axis_position\": \"left\", \"id\": \"35d3cbc0-b3c6-11e9-bf3f-29d51aa3d971\", \"bar_color_rules\": [{\"id\": \"7db91990-b3c6-11e9-af6e-ef22c5680226\"}], \"gauge_color_rules\": [{\"id\": \"7d0b9b80-b3c6-11e9-af6e-ef22c5680226\"}], \"background_color_rules\": [{\"id\": \"7e66beb0-b3c6-11e9-af6e-ef22c5680226\"}], \"axis_formatter\": \"number\", \"index_pattern\": \"metricbeat-*\", \"type\": \"timeseries\", \"default_timefield\": \"@timestamp\", \"axis_min\": \"0\", \"show_grid\": 1, \"axis_scale\": \"normal\", \"gauge_width\": 10, \"time_field\": \"@timestamp\", \"interval\": \"5m\", \"filter\": \"\", \"gauge_style\": \"half\"}, \"aggs\": [], \"title\": \"ELB Backend Connection Errors [Metricbeat AWS]\"}"
            }, 
            "id": "572d40e0-b3ca-11e9-87a4-078dbbae220d", 
            "migrationVersion": {
                "visualization": "7.2.0"
            }, 
            "references": [], 
            "type": "visualization", 
            "updated_at": "2019-09-12T02:22:28.366Z", 
            "version": "WzI0MDcsN10="
        }, 
        {
            "attributes": {
                "description": "", 
                "kibanaSavedObjectMeta": {
                    "searchSourceJSON": "{\"filter\": [], \"query\": {\"query\": \"\", \"language\": \"kuery\"}}"
                }, 
                "title": "Region Filter [Metricbeat AWS]", 
                "uiStateJSON": "{}", 
                "version": 1, 
                "visState": "{\"type\": \"input_control_vis\", \"params\": {\"pinFilters\": false, \"useTimeFilter\": false, \"updateFiltersOnChange\": true, \"controls\": [{\"parent\": \"\", \"indexPatternRefName\": \"control_0_index_pattern\", \"label\": \"region\", \"fieldName\": \"cloud.region\", \"id\": \"1549397251041\", \"type\": \"list\", \"options\": {\"type\": \"terms\", \"size\": 5, \"multiselect\": true, \"dynamicOptions\": true, \"order\": \"desc\"}}]}, \"aggs\": [], \"title\": \"AWS Region Filter\"}"
            }, 
            "id": "b5308940-7347-11e9-816b-07687310a99a", 
            "migrationVersion": {
                "visualization": "7.2.0"
            }, 
            "references": [
                {
                    "id": "metricbeat-*", 
                    "name": "control_0_index_pattern", 
                    "type": "index-pattern"
                }
            ], 
            "type": "visualization", 
            "updated_at": "2019-09-12T00:55:22.007Z", 
            "version": "WzIwNjgsN10="
        }, 
        {
            "attributes": {
                "description": "", 
                "kibanaSavedObjectMeta": {
                    "searchSourceJSON": "{\"filter\": [], \"query\": {\"query\": \"\", \"language\": \"kuery\"}}"
                }, 
                "title": "ELB HTTP Backend 2XX [Metricbeat AWS]", 
                "uiStateJSON": "{}", 
                "version": 1, 
                "visState": "{\"type\": \"metrics\", \"params\": {\"default_index_pattern\": \"metricbeat-*\", \"gauge_inner_width\": 10, \"series\": [{\"line_width\": 2, \"terms_field\": \"aws.cloudwatch.dimensions.LoadBalancerName\", \"point_size\": \"5\", \"color\": \"#3185FC\", \"stacked\": \"none\", \"value_template\": \"{{value}}\", \"label\": \"HTTP Backend 2XX\", \"metrics\": [{\"field\": \"aws.metrics.HTTPCode_Backend_2XX.sum\", \"type\": \"avg\", \"id\": \"35d3cbc2-b3c6-11e9-bf3f-29d51aa3d971\"}], \"split_mode\": \"terms\", \"chart_type\": \"line\", \"terms_order_by\": \"35d3cbc2-b3c6-11e9-bf3f-29d51aa3d971\", \"separate_axis\": 0, \"axis_position\": \"right\", \"formatter\": \"number\", \"id\": \"35d3cbc1-b3c6-11e9-bf3f-29d51aa3d971\", \"split_color_mode\": \"rainbow\", \"fill\": 0}], \"isModelInvalid\": false, \"show_legend\": 1, \"axis_position\": \"left\", \"id\": \"35d3cbc0-b3c6-11e9-bf3f-29d51aa3d971\", \"bar_color_rules\": [{\"id\": \"7db91990-b3c6-11e9-af6e-ef22c5680226\"}], \"gauge_color_rules\": [{\"id\": \"7d0b9b80-b3c6-11e9-af6e-ef22c5680226\"}], \"background_color_rules\": [{\"id\": \"7e66beb0-b3c6-11e9-af6e-ef22c5680226\"}], \"axis_formatter\": \"number\", \"index_pattern\": \"metricbeat-*\", \"type\": \"timeseries\", \"default_timefield\": \"@timestamp\", \"axis_min\": \"0\", \"show_grid\": 1, \"axis_scale\": \"normal\", \"gauge_width\": 10, \"time_field\": \"@timestamp\", \"interval\": \"5m\", \"filter\": \"\", \"gauge_style\": \"half\"}, \"aggs\": [], \"title\": \"ELB HTTP Backend 2XX [Metricbeat AWS]\"}"
            }, 
            "id": "1f528f50-b3ce-11e9-87a4-078dbbae220d", 
            "migrationVersion": {
                "visualization": "7.2.0"
            }, 
            "references": [], 
            "type": "visualization", 
            "updated_at": "2019-09-12T02:23:38.069Z", 
            "version": "WzI0MTIsN10="
        }
    ], 
    "version": "7.4.0"
}