{
    "objects": [
        {
            "attributes": {
                "description": "", 
                "kibanaSavedObjectMeta": {
                    "searchSourceJSON": "{\"filter\": [], \"index\": \"metricbeat-*\", \"query\": {\"query\": \"\", \"language\": \"kuery\"}}"
                }, 
                "title": "Container CPU usage [Metricbeat System] ECS", 
                "uiStateJSON": "{\"vis\": {\"params\": {\"sort\": {\"columnIndex\": null, \"direction\": null}}}}", 
                "version": 1, 
                "visState": "{\"type\": \"table\", \"params\": {\"sort\": {\"columnIndex\": null, \"direction\": null}, \"perPage\": 10, \"showPartialRows\": false, \"totalFunc\": \"sum\", \"showTotal\": false, \"showMeticsAtAllLevels\": false}, \"aggs\": [{\"params\": {\"field\": \"system.process.cgroup.cpuacct.stats.user.ns\", \"customLabel\": \"CPU user\"}, \"type\": \"max\", \"enabled\": true, \"id\": \"1\", \"schema\": \"metric\"}, {\"params\": {\"field\": \"system.process.cgroup.cpu.cfs.quota.us\", \"customLabel\": \"CPU quota\"}, \"type\": \"max\", \"enabled\": true, \"id\": \"2\", \"schema\": \"metric\"}, {\"params\": {\"orderBy\": \"1\", \"field\": \"system.process.cgroup.id\", \"customLabel\": \"Container ID\", \"order\": \"desc\", \"size\": 5}, \"type\": \"terms\", \"enabled\": true, \"id\": \"3\", \"schema\": \"bucket\"}, {\"params\": {\"field\": \"system.process.cgroup.cpu.stats.throttled.ns\", \"customLabel\": \"CPU throttling\"}, \"type\": \"max\", \"enabled\": true, \"id\": \"4\", \"schema\": \"metric\"}, {\"params\": {\"field\": \"system.process.cgroup.cpuacct.stats.system.ns\", \"customLabel\": \"CPU kernel\"}, \"type\": \"max\", \"enabled\": true, \"id\": \"5\", \"schema\": \"metric\"}, {\"params\": {\"orderBy\": \"1\", \"field\": \"process.name\", \"customLabel\": \"Process name\", \"order\": \"desc\", \"size\": 5}, \"type\": \"terms\", \"enabled\": true, \"id\": \"6\", \"schema\": \"bucket\"}], \"title\": \"Container CPU usage [Metricbeat System] ECS\"}"
            }, 
            "id": "Container-CPU-usage-ecs", 
            "type": "visualization", 
            "version": 1
        }, 
        {
            "attributes": {
                "description": "", 
                "kibanaSavedObjectMeta": {
                    "searchSourceJSON": "{\"filter\": [], \"query\": {\"query\": \"\", \"language\": \"kuery\"}}"
                }, 
                "title": "System Navigation [Metricbeat System] ECS", 
                "uiStateJSON": "{}", 
                "version": 1, 
                "visState": "{\"type\": \"markdown\", \"params\": {\"markdown\": \"[System Overview](#/dashboard/Metricbeat-system-overview-ecs)  | [Host Overview](#/dashboard/79ffd6e0-faa0-11e6-947f-177f697178b8-ecs) |\\n[Containers overview](#/dashboard/CPU-slash-Memory-per-container-ecs)\", \"fontSize\": 12}, \"aggs\": [], \"title\": \"System Navigation [Metricbeat System] ECS\"}"
            }, 
            "id": "System-Navigation-ecs", 
            "type": "visualization", 
            "version": 3
        }, 
        {
            "attributes": {
                "description": "", 
                "kibanaSavedObjectMeta": {
                    "searchSourceJSON": "{\"filter\": [], \"index\": \"metricbeat-*\", \"query\": {\"query\": \"\", \"language\": \"kuery\"}}"
                }, 
                "title": "Container Memory stats [Metricbeat System] ECS", 
                "uiStateJSON": "{\"vis\": {\"params\": {\"sort\": {\"columnIndex\": null, \"direction\": null}}}}", 
                "version": 1, 
                "visState": "{\"type\": \"table\", \"params\": {\"sort\": {\"columnIndex\": null, \"direction\": null}, \"perPage\": 10, \"showPartialRows\": false, \"totalFunc\": \"sum\", \"showTotal\": false, \"showMeticsAtAllLevels\": false}, \"aggs\": [{\"params\": {\"field\": \"system.process.cgroup.memory.mem.usage.bytes\", \"customLabel\": \"Usage\"}, \"type\": \"avg\", \"enabled\": true, \"id\": \"13\", \"schema\": \"metric\"}, {\"params\": {\"field\": \"system.process.cgroup.memory.mem.usage.max.bytes\", \"customLabel\": \"Max usage\"}, \"type\": \"avg\", \"enabled\": true, \"id\": \"14\", \"schema\": \"metric\"}, {\"params\": {\"field\": \"system.process.cgroup.memory.stats.page_faults\", \"customLabel\": \"Page faults\"}, \"type\": \"avg\", \"enabled\": true, \"id\": \"1\", \"schema\": \"metric\"}, {\"params\": {\"field\": \"system.process.cgroup.memory.stats.pages_in\", \"customLabel\": \"Pages in memory\"}, \"type\": \"avg\", \"enabled\": true, \"id\": \"2\", \"schema\": \"metric\"}, {\"params\": {\"field\": \"system.process.cgroup.memory.stats.pages_out\", \"customLabel\": \"Pages out of memory\"}, \"type\": \"avg\", \"enabled\": true, \"id\": \"3\", \"schema\": \"metric\"}, {\"params\": {\"orderBy\": \"1\", \"field\": \"system.process.cgroup.id\", \"customLabel\": \"Container ID\", \"order\": \"desc\", \"size\": 50}, \"type\": \"terms\", \"enabled\": true, \"id\": \"4\", \"schema\": \"bucket\"}, {\"params\": {\"field\": \"system.process.cgroup.memory.stats.inactive_file.bytes\", \"customLabel\": \"Inactive files\"}, \"type\": \"avg\", \"enabled\": true, \"id\": \"5\", \"schema\": \"metric\"}, {\"params\": {\"field\": \"system.process.cgroup.memory.stats.major_page_faults\", \"customLabel\": \"# Major page faults\"}, \"type\": \"avg\", \"enabled\": true, \"id\": \"6\", \"schema\": \"metric\"}, {\"params\": {\"orderBy\": \"1\", \"field\": \"process.name\", \"customLabel\": \"Process name\", \"order\": \"desc\", \"size\": 5}, \"type\": \"terms\", \"enabled\": true, \"id\": \"8\", \"schema\": \"bucket\"}, {\"params\": {\"field\": \"system.process.cgroup.memory.mem.failures\", \"customLabel\": \"Failures\"}, \"type\": \"avg\", \"enabled\": true, \"id\": \"12\", \"schema\": \"metric\"}, {\"params\": {\"field\": \"system.process.cgroup.memory.kmem_tcp.usage.bytes\", \"customLabel\": \"TCP buffers\"}, \"type\": \"avg\", \"enabled\": true, \"id\": \"10\", \"schema\": \"metric\"}, {\"params\": {\"field\": \"system.process.cgroup.memory.stats.rss_huge.bytes\", \"customLabel\": \"Huge pages\"}, \"type\": \"avg\", \"enabled\": true, \"id\": \"11\", \"schema\": \"metric\"}, {\"params\": {\"field\": \"system.process.cgroup.memory.stats.rss.bytes\", \"customLabel\": \"Swap caches\"}, \"type\": \"avg\", \"enabled\": true, \"id\": \"7\", \"schema\": \"metric\"}, {\"params\": {\"field\": \"system.process.cgroup.memory.stats.swap.bytes\", \"customLabel\": \"Swap usage\"}, \"type\": \"avg\", \"enabled\": true, \"id\": \"15\", \"schema\": \"metric\"}, {\"params\": {\"field\": \"system.process.cgroup.blkio.total.ios\", \"customLabel\": \"Block I/O\"}, \"type\": \"avg\", \"enabled\": true, \"id\": \"16\", \"schema\": \"metric\"}], \"title\": \"Container Memory stats [Metricbeat System] ECS\"}"
            }, 
            "id": "Container-Memory-stats-ecs", 
            "type": "visualization", 
            "version": 1
        }, 
        {
            "attributes": {
                "description": "", 
                "kibanaSavedObjectMeta": {
                    "searchSourceJSON": "{\"filter\": [], \"index\": \"metricbeat-*\", \"query\": {\"query\": \"\", \"language\": \"kuery\"}}"
                }, 
                "title": "Container Block IO [Metricbeat System] ECS", 
                "uiStateJSON": "{\"vis\": {\"params\": {\"sort\": {\"columnIndex\": null, \"direction\": null}}}}", 
                "version": 1, 
                "visState": "{\"type\": \"table\", \"params\": {\"sort\": {\"columnIndex\": null, \"direction\": null}, \"perPage\": 10, \"showPartialRows\": false, \"totalFunc\": \"sum\", \"showTotal\": false, \"showMeticsAtAllLevels\": false}, \"aggs\": [{\"params\": {\"field\": \"system.process.cgroup.blkio.total.bytes\", \"customLabel\": \"Total\"}, \"type\": \"avg\", \"enabled\": true, \"id\": \"1\", \"schema\": \"metric\"}, {\"params\": {\"field\": \"system.process.cgroup.blkio.total.ios\", \"customLabel\": \"I/O\"}, \"type\": \"avg\", \"enabled\": true, \"id\": \"2\", \"schema\": \"metric\"}, {\"params\": {\"orderBy\": \"1\", \"field\": \"system.process.cgroup.id\", \"customLabel\": \"Container ID\", \"order\": \"desc\", \"size\": 5}, \"type\": \"terms\", \"enabled\": true, \"id\": \"3\", \"schema\": \"bucket\"}, {\"params\": {\"orderBy\": \"1\", \"field\": \"process.name\", \"customLabel\": \"Process name\", \"order\": \"desc\", \"size\": 5}, \"type\": \"terms\", \"enabled\": true, \"id\": \"4\", \"schema\": \"bucket\"}], \"title\": \"Container Block IO [Metricbeat System] ECS\"}"
            }, 
            "id": "Container-Block-IO-ecs", 
            "type": "visualization", 
            "version": 1
        }, 
        {
            "attributes": {
                "description": "Overview of container metrics", 
                "hits": 0, 
                "kibanaSavedObjectMeta": {
                    "searchSourceJSON": "{\"filter\": [], \"query\": {\"query\": \"\", \"language\": \"kuery\"}, \"version\": true, \"highlightAll\": true}"
                }, 
                "optionsJSON": "{\"darkTheme\": false}", 
                "panelsJSON": "[{\"type\": \"visualization\", \"id\": \"Container-CPU-usage-ecs\", \"size_x\": 12, \"size_y\": 3, \"panelIndex\": 2, \"col\": 1, \"row\": 2}, {\"type\": \"visualization\", \"id\": \"System-Navigation-ecs\", \"size_x\": 12, \"size_y\": 1, \"panelIndex\": 3, \"col\": 1, \"row\": 1}, {\"type\": \"visualization\", \"id\": \"Container-Memory-stats-ecs\", \"size_x\": 12, \"size_y\": 3, \"panelIndex\": 4, \"col\": 1, \"row\": 5}, {\"type\": \"visualization\", \"id\": \"Container-Block-IO-ecs\", \"size_x\": 12, \"size_y\": 4, \"panelIndex\": 5, \"col\": 1, \"row\": 8}]", 
                "timeRestore": false, 
                "title": "[Metricbeat System] Containers overview ECS", 
                "uiStateJSON": "{\"P-4\": {\"vis\": {\"params\": {\"sort\": {\"columnIndex\": null, \"direction\": null}}}}, \"P-5\": {\"vis\": {\"params\": {\"sort\": {\"columnIndex\": null, \"direction\": null}}}}, \"P-2\": {\"vis\": {\"params\": {\"sort\": {\"columnIndex\": null, \"direction\": null}}}}}", 
                "version": 1
            }, 
            "id": "CPU-slash-Memory-per-container-ecs", 
            "type": "dashboard", 
            "version": 1
        }
    ], 
    "version": "6.0.0-rc1-SNAPSHOT"
}