{
    "objects": [
        {
            "attributes": {
                "description": "Overview of AWS Metrics", 
                "hits": 0, 
                "kibanaSavedObjectMeta": {
                    "searchSourceJSON": "{\"filter\": [], \"query\": {\"query\": \"\", \"language\": \"kuery\"}}"
                }, 
                "optionsJSON": "{\"useMargins\": true, \"hidePanelTitles\": false}", 
                "panelsJSON": "[{\"gridData\": {\"i\": \"2\", \"h\": 7, \"y\": 0, \"w\": 9, \"x\": 0}, \"panelRefName\": \"panel_0\", \"version\": \"7.0.0\", \"panelIndex\": \"2\", \"embeddableConfig\": {}}, {\"gridData\": {\"i\": \"3\", \"h\": 7, \"y\": 0, \"w\": 10, \"x\": 9}, \"panelRefName\": \"panel_1\", \"version\": \"7.0.0\", \"panelIndex\": \"3\", \"embeddableConfig\": {}}, {\"gridData\": {\"i\": \"4\", \"h\": 7, \"y\": 0, \"w\": 29, \"x\": 19}, \"panelRefName\": \"panel_2\", \"version\": \"7.0.0\", \"panelIndex\": \"4\", \"embeddableConfig\": {}}, {\"gridData\": {\"i\": \"6\", \"h\": 7, \"y\": 7, \"w\": 9, \"x\": 0}, \"panelRefName\": \"panel_3\", \"version\": \"7.0.0\", \"panelIndex\": \"6\", \"embeddableConfig\": {}}, {\"gridData\": {\"i\": \"7\", \"h\": 7, \"y\": 7, \"w\": 9, \"x\": 9}, \"panelRefName\": \"panel_4\", \"version\": \"7.0.0\", \"panelIndex\": \"7\", \"embeddableConfig\": {}}, {\"gridData\": {\"i\": \"9\", \"h\": 7, \"y\": 7, \"w\": 15, \"x\": 18}, \"panelRefName\": \"panel_5\", \"version\": \"7.0.0\", \"panelIndex\": \"9\", \"embeddableConfig\": {}}, {\"gridData\": {\"i\": \"10\", \"h\": 7, \"y\": 7, \"w\": 15, \"x\": 33}, \"panelRefName\": \"panel_6\", \"version\": \"7.0.0\", \"panelIndex\": \"10\", \"embeddableConfig\": {}}, {\"gridData\": {\"i\": \"12\", \"h\": 7, \"y\": 14, \"w\": 13, \"x\": 0}, \"panelRefName\": \"panel_7\", \"version\": \"7.0.0\", \"panelIndex\": \"12\", \"embeddableConfig\": {}}, {\"gridData\": {\"i\": \"14\", \"h\": 7, \"y\": 14, \"w\": 20, \"x\": 13}, \"panelRefName\": \"panel_8\", \"version\": \"7.0.0\", \"panelIndex\": \"14\", \"embeddableConfig\": {}}, {\"gridData\": {\"i\": \"15\", \"h\": 7, \"y\": 14, \"w\": 15, \"x\": 33}, \"panelRefName\": \"panel_9\", \"version\": \"7.0.0\", \"panelIndex\": \"15\", \"embeddableConfig\": {}}, {\"gridData\": {\"i\": \"17\", \"h\": 7, \"y\": 21, \"w\": 16, \"x\": 15}, \"panelRefName\": \"panel_10\", \"version\": \"7.0.0\", \"panelIndex\": \"17\", \"embeddableConfig\": {}}, {\"gridData\": {\"i\": \"18\", \"h\": 7, \"y\": 21, \"w\": 15, \"x\": 0}, \"panelRefName\": \"panel_11\", \"version\": \"7.0.0\", \"panelIndex\": \"18\", \"embeddableConfig\": {}}, {\"gridData\": {\"i\": \"19\", \"h\": 7, \"y\": 21, \"w\": 17, \"x\": 31}, \"panelRefName\": \"panel_12\", \"version\": \"7.0.0\", \"panelIndex\": \"19\", \"embeddableConfig\": {}}, {\"gridData\": {\"i\": \"24\", \"h\": 9, \"y\": 28, \"w\": 24, \"x\": 0}, \"panelRefName\": \"panel_13\", \"version\": \"7.2.0\", \"panelIndex\": \"24\", \"embeddableConfig\": {}}, {\"gridData\": {\"i\": \"25\", \"h\": 9, \"y\": 28, \"w\": 24, \"x\": 24}, \"panelRefName\": \"panel_14\", \"version\": \"7.2.0\", \"panelIndex\": \"25\", \"embeddableConfig\": {}}]", 
                "timeRestore": false, 
                "title": "[Metricbeat AWS] Overview", 
                "version": 1
            }, 
            "id": "fac28650-7349-11e9-816b-07687310a99a", 
            "migrationVersion": {
                "dashboard": "7.0.0"
            }, 
            "references": [
                {
                    "id": "b5308940-7347-11e9-816b-07687310a99a", 
                    "name": "panel_0", 
                    "type": "visualization"
                }, 
                {
                    "id": "09db13f0-2bdd-11e9-9fe1-cde861544141", 
                    "name": "panel_1", 
                    "type": "visualization"
                }, 
                {
                    "id": "be8828d0-f7f6-11e8-af03-c999c9dea608-ecs", 
                    "name": "panel_2", 
                    "type": "visualization"
                }, 
                {
                    "id": "81d83c70-4762-11e9-8062-c98a86cb6f94", 
                    "name": "panel_3", 
                    "type": "visualization"
                }, 
                {
                    "id": "58e17c10-7349-11e9-816b-07687310a99a", 
                    "name": "panel_4", 
                    "type": "visualization"
                }, 
                {
                    "id": "4658f540-734a-11e9-816b-07687310a99a", 
                    "name": "panel_5", 
                    "type": "visualization"
                }, 
                {
                    "id": "95b322f0-734a-11e9-816b-07687310a99a", 
                    "name": "panel_6", 
                    "type": "visualization"
                }, 
                {
                    "id": "b2191dd0-734c-11e9-816b-07687310a99a", 
                    "name": "panel_7", 
                    "type": "visualization"
                }, 
                {
                    "id": "42016bf0-728f-11e9-9a7b-4d62d5bcf4fc", 
                    "name": "panel_8", 
                    "type": "visualization"
                }, 
                {
                    "id": "9121ac90-734d-11e9-816b-07687310a99a", 
                    "name": "panel_9", 
                    "type": "visualization"
                }, 
                {
                    "id": "128fd450-734e-11e9-816b-07687310a99a", 
                    "name": "panel_10", 
                    "type": "visualization"
                }, 
                {
                    "id": "54e88a40-734e-11e9-816b-07687310a99a", 
                    "name": "panel_11", 
                    "type": "visualization"
                }, 
                {
                    "id": "398d12d0-7352-11e9-816b-07687310a99a", 
                    "name": "panel_12", 
                    "type": "visualization"
                }, 
                {
                    "id": "4bf62a10-8310-11e9-ac83-47df3568ff90", 
                    "name": "panel_13", 
                    "type": "visualization"
                }, 
                {
                    "id": "d2f46190-830f-11e9-ac83-47df3568ff90", 
                    "name": "panel_14", 
                    "type": "visualization"
                }
            ], 
            "type": "dashboard", 
            "updated_at": "2019-06-14T17:28:35.266Z", 
            "version": "WzI5MjYsNF0="
        }, 
        {
            "attributes": {
                "description": "", 
                "kibanaSavedObjectMeta": {
                    "searchSourceJSON": "{\"filter\": [], \"query\": {\"query\": \"\", \"language\": \"kuery\"}}"
                }, 
                "title": "Region Filter [Metricbeat AWS]", 
                "uiStateJSON": "{}", 
                "version": 1, 
                "visState": "{\"type\": \"input_control_vis\", \"params\": {\"pinFilters\": false, \"useTimeFilter\": false, \"updateFiltersOnChange\": true, \"controls\": [{\"parent\": \"\", \"indexPatternRefName\": \"control_0_index_pattern\", \"label\": \"region\", \"fieldName\": \"cloud.region\", \"id\": \"1549397251041\", \"type\": \"list\", \"options\": {\"type\": \"terms\", \"size\": 5, \"multiselect\": true, \"dynamicOptions\": true, \"order\": \"desc\"}}]}, \"aggs\": [], \"title\": \"AWS Region Filter\"}"
            }, 
            "id": "b5308940-7347-11e9-816b-07687310a99a", 
            "migrationVersion": {
                "visualization": "7.2.0"
            }, 
            "references": [
                {
                    "id": "metricbeat-*", 
                    "name": "control_0_index_pattern", 
                    "type": "index-pattern"
                }
            ], 
            "type": "visualization", 
            "updated_at": "2019-06-14T17:02:27.742Z", 
            "version": "WzI2NzQsNF0="
        }, 
        {
            "attributes": {
                "description": "", 
                "kibanaSavedObjectMeta": {
                    "searchSourceJSON": "{\"filter\": [], \"query\": {\"query\": \"\", \"language\": \"kuery\"}, \"indexRefName\": \"kibanaSavedObjectMeta.searchSourceJSON.index\"}"
                }, 
                "title": "EC2 Instance State [Metricbeat AWS] ECS", 
                "uiStateJSON": "{\"vis\": {\"colors\": {\"running\": \"#7EB26D\", \"272\": \"#DEDAF7\", \"stopped\": \"#E24D42\", \"80\": \"#E24D42\", \"16\": \"#629E51\"}, \"legendOpen\": true}}", 
                "version": 1, 
                "visState": "{\"type\": \"pie\", \"params\": {\"isDonut\": false, \"addTooltip\": true, \"labels\": {\"values\": true, \"last_level\": true, \"truncate\": 100, \"show\": true}, \"legendPosition\": \"right\", \"addLegend\": true, \"type\": \"pie\"}, \"aggs\": [{\"params\": {\"customLabel\": \"EC2 Instance State\"}, \"type\": \"count\", \"enabled\": true, \"id\": \"1\", \"schema\": \"metric\"}, {\"params\": {\"orderBy\": \"1\", \"missingBucket\": false, \"customLabel\": \"\", \"missingBucketLabel\": \"Missing\", \"field\": \"aws.ec2.instance.state.name\", \"otherBucketLabel\": \"Other\", \"otherBucket\": false, \"order\": \"desc\", \"size\": 5}, \"type\": \"terms\", \"enabled\": true, \"id\": \"2\", \"schema\": \"segment\"}], \"title\": \"EC2 Instance State [Metricbeat AWS] ECS\"}"
            }, 
            "id": "09db13f0-2bdd-11e9-9fe1-cde861544141", 
            "migrationVersion": {
                "visualization": "7.2.0"
            }, 
            "references": [
                {
                    "id": "metricbeat-*", 
                    "name": "kibanaSavedObjectMeta.searchSourceJSON.index", 
                    "type": "index-pattern"
                }
            ], 
            "type": "visualization", 
            "updated_at": "2019-06-14T17:02:27.742Z", 
            "version": "WzI2NzUsNF0="
        }, 
        {
            "attributes": {
                "description": "", 
                "kibanaSavedObjectMeta": {
                    "searchSourceJSON": "{\"filter\": [], \"query\": {\"query\": \"\", \"language\": \"kuery\"}}"
                }, 
                "title": "EC2 CPU Utilization [Metricbeat AWS] ECS", 
                "uiStateJSON": "{}", 
                "version": 1, 
                "visState": "{\"type\": \"metrics\", \"params\": {\"bar_color_rules\": [{\"id\": \"2592bcc0-f7f2-11e8-bff8-21537b07dd44\"}], \"background_color_rules\": [{\"id\": \"23428b30-f7f2-11e8-bff8-21537b07dd44\"}], \"index_pattern\": \"metricbeat-*\", \"time_field\": \"@timestamp\", \"series\": [{\"line_width\": 1, \"terms_field\": \"cloud.instance.id\", \"metrics\": [{\"field\": \"aws.ec2.cpu.total.pct\", \"type\": \"avg\", \"id\": \"61ca57f2-469d-11e7-af02-69e470af7417\"}], \"terms_order_by\": \"61ca57f2-469d-11e7-af02-69e470af7417\", \"color\": \"rgba(104,188,0,1)\", \"stacked\": \"none\", \"terms_size\": \"5\", \"label\": \"AWS EC2 CPU Utilization ECS\", \"filter\": \"\", \"steps\": 0, \"separate_axis\": 0, \"split_mode\": \"terms\", \"chart_type\": \"line\", \"series_drop_last_bucket\": 1, \"point_size\": 1, \"axis_position\": \"right\", \"formatter\": \"number\", \"id\": \"61ca57f1-469d-11e7-af02-69e470af7417\", \"split_color_mode\": \"rainbow\", \"fill\": \"0\"}], \"axis_formatter\": \"number\", \"interval\": \"5m\", \"axis_position\": \"left\", \"id\": \"61ca57f0-469d-11e7-af02-69e470af7417\", \"show_legend\": 1, \"show_grid\": 1, \"axis_scale\": \"normal\", \"type\": \"timeseries\", \"annotations\": []}, \"aggs\": [], \"title\": \"AWS EC2 CPU Utilization ECS\"}"
            }, 
            "id": "be8828d0-f7f6-11e8-af03-c999c9dea608-ecs", 
            "migrationVersion": {
                "visualization": "7.2.0"
            }, 
            "references": [], 
            "type": "visualization", 
            "updated_at": "2019-06-14T17:02:27.742Z", 
            "version": "WzI2NzYsNF0="
        }, 
        {
            "attributes": {
                "description": "", 
                "kibanaSavedObjectMeta": {
                    "searchSourceJSON": "{\"filter\": [], \"query\": {\"query\": \"\", \"language\": \"kuery\"}}"
                }, 
                "title": "S3 Total Error 4xx [Metricbeat AWS]", 
                "uiStateJSON": "{}", 
                "version": 1, 
                "visState": "{\"type\": \"metrics\", \"params\": {\"bar_color_rules\": [{\"id\": \"5ad9a190-4762-11e9-bf81-69a4e579cab5\"}], \"background_color_rules\": [{\"id\": \"59207fe0-4762-11e9-bf81-69a4e579cab5\"}], \"index_pattern\": \"metricbeat-*\", \"time_field\": \"@timestamp\", \"series\": [{\"line_width\": 1, \"point_size\": 1, \"color\": \"#68BC00\", \"stacked\": \"none\", \"label\": \"Total # of HTTP 4xx Errors\", \"metrics\": [{\"field\": \"aws.s3_request.errors.4xx\", \"type\": \"sum\", \"id\": \"61ca57f2-469d-11e7-af02-69e470af7417\"}], \"split_mode\": \"everything\", \"chart_type\": \"line\", \"separate_axis\": 0, \"axis_position\": \"right\", \"formatter\": \"number\", \"id\": \"61ca57f1-469d-11e7-af02-69e470af7417\", \"fill\": 0.5}], \"axis_formatter\": \"number\", \"interval\": \"auto\", \"id\": \"61ca57f0-469d-11e7-af02-69e470af7417\", \"show_legend\": 1, \"show_grid\": 1, \"axis_scale\": \"normal\", \"type\": \"metric\", \"axis_position\": \"left\"}, \"aggs\": [], \"title\": \"AWS S3 Total Error 4xx\"}"
            }, 
            "id": "81d83c70-4762-11e9-8062-c98a86cb6f94", 
            "migrationVersion": {
                "visualization": "7.2.0"
            }, 
            "references": [], 
            "type": "visualization", 
            "updated_at": "2019-06-14T17:02:28.760Z", 
            "version": "WzI2OTUsNF0="
        }, 
        {
            "attributes": {
                "description": "", 
                "kibanaSavedObjectMeta": {
                    "searchSourceJSON": "{\"filter\": [], \"query\": {\"query\": \"\", \"language\": \"kuery\"}}"
                }, 
                "title": "S3 Total Error 5xx [Metricbeat AWS]", 
                "uiStateJSON": "{}", 
                "version": 1, 
                "visState": "{\"type\": \"metrics\", \"params\": {\"bar_color_rules\": [{\"id\": \"5ad9a190-4762-11e9-bf81-69a4e579cab5\"}], \"default_index_pattern\": \"metricbeat-*\", \"background_color_rules\": [{\"id\": \"59207fe0-4762-11e9-bf81-69a4e579cab5\"}], \"index_pattern\": \"metricbeat-*\", \"time_field\": \"@timestamp\", \"series\": [{\"line_width\": 1, \"point_size\": 1, \"color\": \"#68BC00\", \"stacked\": \"none\", \"label\": \"Total # of HTTP 5xx Errors\", \"metrics\": [{\"field\": \"aws.s3_request.errors.5xx\", \"type\": \"sum\", \"id\": \"61ca57f2-469d-11e7-af02-69e470af7417\"}], \"split_mode\": \"everything\", \"chart_type\": \"line\", \"separate_axis\": 0, \"axis_position\": \"right\", \"formatter\": \"number\", \"id\": \"61ca57f1-469d-11e7-af02-69e470af7417\", \"fill\": 0.5}], \"axis_formatter\": \"number\", \"interval\": \"auto\", \"id\": \"61ca57f0-469d-11e7-af02-69e470af7417\", \"show_legend\": 1, \"show_grid\": 1, \"axis_scale\": \"normal\", \"type\": \"metric\", \"axis_position\": \"left\"}, \"aggs\": [], \"title\": \"AWS S3 Total Error 5xx\"}"
            }, 
            "id": "58e17c10-7349-11e9-816b-07687310a99a", 
            "migrationVersion": {
                "visualization": "7.2.0"
            }, 
            "references": [], 
            "type": "visualization", 
            "updated_at": "2019-06-14T17:02:27.742Z", 
            "version": "WzI2NzgsNF0="
        }, 
        {
            "attributes": {
                "description": "", 
                "kibanaSavedObjectMeta": {
                    "searchSourceJSON": "{\"filter\": [], \"query\": {\"query\": \"\", \"language\": \"kuery\"}}"
                }, 
                "title": "SQS Empty Receives Top5 [Metricbeat AWS]", 
                "uiStateJSON": "{}", 
                "version": 1, 
                "visState": "{\"type\": \"metrics\", \"params\": {\"bar_color_rules\": [{\"id\": \"23be77d0-734a-11e9-a683-47ca322fa6f9\"}], \"default_index_pattern\": \"metricbeat-*\", \"index_pattern\": \"\", \"time_field\": \"@timestamp\", \"series\": [{\"line_width\": 1, \"terms_field\": \"aws.sqs.queue.name\", \"point_size\": 1, \"terms_size\": \"5\", \"color\": \"#68BC00\", \"stacked\": \"none\", \"label\": \"AWS SQS Empty Receives\", \"metrics\": [{\"field\": \"aws.sqs.empty_receives\", \"type\": \"avg\", \"id\": \"61ca57f2-469d-11e7-af02-69e470af7417\"}], \"split_mode\": \"terms\", \"chart_type\": \"line\", \"terms_order_by\": \"61ca57f2-469d-11e7-af02-69e470af7417\", \"separate_axis\": 0, \"axis_position\": \"right\", \"formatter\": \"number\", \"id\": \"61ca57f1-469d-11e7-af02-69e470af7417\", \"fill\": 0.5}], \"axis_formatter\": \"number\", \"interval\": \"auto\", \"id\": \"61ca57f0-469d-11e7-af02-69e470af7417\", \"show_legend\": 1, \"show_grid\": 1, \"axis_scale\": \"normal\", \"type\": \"top_n\", \"axis_position\": \"left\"}, \"aggs\": [], \"title\": \"AWS SQS Empty Receives Top5\"}"
            }, 
            "id": "4658f540-734a-11e9-816b-07687310a99a", 
            "migrationVersion": {
                "visualization": "7.2.0"
            }, 
            "references": [], 
            "type": "visualization", 
            "updated_at": "2019-06-14T17:02:27.742Z", 
            "version": "WzI2NzksNF0="
        }, 
        {
            "attributes": {
                "description": "", 
                "kibanaSavedObjectMeta": {
                    "searchSourceJSON": "{\"filter\": [], \"query\": {\"query\": \"\", \"language\": \"kuery\"}}"
                }, 
                "title": "SQS Messages Delayed Top5 [Metricbeat AWS]", 
                "uiStateJSON": "{}", 
                "version": 1, 
                "visState": "{\"type\": \"metrics\", \"params\": {\"bar_color_rules\": [{\"id\": \"23be77d0-734a-11e9-a683-47ca322fa6f9\"}], \"default_index_pattern\": \"metricbeat-*\", \"index_pattern\": \"\", \"time_field\": \"@timestamp\", \"series\": [{\"line_width\": 1, \"terms_field\": \"aws.sqs.queue.name\", \"point_size\": 1, \"terms_size\": \"5\", \"color\": \"#68BC00\", \"stacked\": \"none\", \"label\": \"AWS SQS Messages Delayed\", \"metrics\": [{\"field\": \"aws.sqs.messages.delayed\", \"type\": \"avg\", \"id\": \"61ca57f2-469d-11e7-af02-69e470af7417\"}], \"split_mode\": \"terms\", \"chart_type\": \"line\", \"terms_order_by\": \"61ca57f2-469d-11e7-af02-69e470af7417\", \"separate_axis\": 0, \"axis_position\": \"right\", \"formatter\": \"number\", \"id\": \"61ca57f1-469d-11e7-af02-69e470af7417\", \"fill\": 0.5}], \"axis_formatter\": \"number\", \"interval\": \"auto\", \"id\": \"61ca57f0-469d-11e7-af02-69e470af7417\", \"show_legend\": 1, \"show_grid\": 1, \"axis_scale\": \"normal\", \"type\": \"top_n\", \"axis_position\": \"left\"}, \"aggs\": [], \"title\": \"AWS SQS Messages Delayed Top5\"}"
            }, 
            "id": "95b322f0-734a-11e9-816b-07687310a99a", 
            "migrationVersion": {
                "visualization": "7.2.0"
            }, 
            "references": [], 
            "type": "visualization", 
            "updated_at": "2019-06-14T17:02:27.742Z", 
            "version": "WzI2ODAsNF0="
        }, 
        {
            "attributes": {
                "description": "", 
                "kibanaSavedObjectMeta": {
                    "searchSourceJSON": "{\"filter\": [], \"query\": {\"query\": \"\", \"language\": \"kuery\"}}"
                }, 
                "title": "Cloudwatch ELB Request Count Top5 [Metricbeat AWS]", 
                "uiStateJSON": "{}", 
                "version": 1, 
                "visState": "{\"type\": \"metrics\", \"params\": {\"bar_color_rules\": [{\"id\": \"94f2ce40-734c-11e9-a683-47ca322fa6f9\"}], \"default_index_pattern\": \"metricbeat-*\", \"index_pattern\": \"\", \"time_field\": \"@timestamp\", \"series\": [{\"line_width\": 1, \"terms_field\": \"aws.cloudwatch.dimensions.LoadBalancerName\", \"point_size\": 1, \"terms_size\": \"5\", \"color\": \"#68BC00\", \"stacked\": \"none\", \"label\": \"ELB Request Count Top5\", \"metrics\": [{\"field\": \"aws.cloudwatch.metrics.RequestCount\", \"type\": \"sum\", \"id\": \"61ca57f2-469d-11e7-af02-69e470af7417\"}], \"split_mode\": \"terms\", \"chart_type\": \"line\", \"separate_axis\": 0, \"axis_position\": \"right\", \"formatter\": \"number\", \"id\": \"61ca57f1-469d-11e7-af02-69e470af7417\", \"fill\": 0.5}], \"axis_formatter\": \"number\", \"interval\": \"auto\", \"id\": \"61ca57f0-469d-11e7-af02-69e470af7417\", \"show_legend\": 1, \"show_grid\": 1, \"axis_scale\": \"normal\", \"type\": \"top_n\", \"axis_position\": \"left\"}, \"aggs\": [], \"title\": \"AWS Cloudwatch ELB Request Count Top5\"}"
            }, 
            "id": "b2191dd0-734c-11e9-816b-07687310a99a", 
            "migrationVersion": {
                "visualization": "7.2.0"
            }, 
            "references": [], 
            "type": "visualization", 
            "updated_at": "2019-06-14T17:02:27.742Z", 
            "version": "WzI2ODEsNF0="
        }, 
        {
            "attributes": {
                "description": "", 
                "kibanaSavedObjectMeta": {
                    "searchSourceJSON": "{\"filter\": [], \"query\": {\"query\": \"\", \"language\": \"kuery\"}}"
                }, 
                "title": "Cloudwatch ELB Latency [Metricbeat AWS]", 
                "uiStateJSON": "{}", 
                "version": 1, 
                "visState": "{\"type\": \"metrics\", \"params\": {\"bar_color_rules\": [{\"id\": \"2592bcc0-f7f2-11e8-bff8-21537b07dd44\"}], \"default_index_pattern\": \"metricbeat-8*\", \"background_color_rules\": [{\"id\": \"23428b30-f7f2-11e8-bff8-21537b07dd44\"}], \"index_pattern\": \"metricbeat-*\", \"time_field\": \"@timestamp\", \"series\": [{\"line_width\": 1, \"terms_field\": \"aws.cloudwatch.dimensions.LoadBalancerName\", \"metrics\": [{\"field\": \"aws.cloudwatch.metrics.Latency\", \"type\": \"avg\", \"id\": \"61ca57f2-469d-11e7-af02-69e470af7417\"}], \"terms_order_by\": \"61ca57f2-469d-11e7-af02-69e470af7417\", \"color\": \"rgba(104,188,0,1)\", \"stacked\": \"none\", \"terms_size\": \"5\", \"label\": \"AWS Cloudwatch ELB Latency\", \"filter\": \"\", \"steps\": 0, \"separate_axis\": 0, \"split_mode\": \"terms\", \"chart_type\": \"line\", \"series_drop_last_bucket\": 1, \"point_size\": 1, \"axis_position\": \"right\", \"formatter\": \"number\", \"id\": \"61ca57f1-469d-11e7-af02-69e470af7417\", \"split_color_mode\": \"rainbow\", \"fill\": \"0\"}], \"axis_formatter\": \"number\", \"interval\": \"5m\", \"axis_position\": \"left\", \"id\": \"61ca57f0-469d-11e7-af02-69e470af7417\", \"show_legend\": 1, \"show_grid\": 1, \"axis_scale\": \"normal\", \"type\": \"timeseries\", \"annotations\": []}, \"aggs\": [], \"title\": \"AWS Cloudwatch ELB Latency\"}"
            }, 
            "id": "42016bf0-728f-11e9-9a7b-4d62d5bcf4fc", 
            "migrationVersion": {
                "visualization": "7.2.0"
            }, 
            "references": [], 
            "type": "visualization", 
            "updated_at": "2019-06-14T17:02:27.742Z", 
            "version": "WzI2ODIsNF0="
        }, 
        {
            "attributes": {
                "description": "", 
                "kibanaSavedObjectMeta": {
                    "searchSourceJSON": "{\"filter\": [], \"query\": {\"query\": \"\", \"language\": \"kuery\"}}"
                }, 
                "title": "Cloudwatch ELB Unhealthy Host Count [Metricbeat AWS]", 
                "uiStateJSON": "{}", 
                "version": 1, 
                "visState": "{\"type\": \"metrics\", \"params\": {\"bar_color_rules\": [{\"id\": \"94f2ce40-734c-11e9-a683-47ca322fa6f9\"}], \"default_index_pattern\": \"metricbeat-*\", \"background_color_rules\": [{\"id\": \"cbb498f0-734c-11e9-a683-47ca322fa6f9\"}], \"index_pattern\": \"\", \"time_field\": \"@timestamp\", \"series\": [{\"line_width\": 1, \"terms_field\": \"aws.cloudwatch.dimensions.LoadBalancerName\", \"point_size\": 1, \"terms_size\": \"5\", \"color\": \"#68BC00\", \"stacked\": \"none\", \"label\": \"ELB Unhealthy Host Count\", \"metrics\": [{\"field\": \"aws.cloudwatch.metrics.UnHealthyHostCount\", \"type\": \"sum\", \"id\": \"61ca57f2-469d-11e7-af02-69e470af7417\"}], \"split_mode\": \"terms\", \"chart_type\": \"line\", \"terms_order_by\": \"61ca57f2-469d-11e7-af02-69e470af7417\", \"separate_axis\": 0, \"axis_position\": \"right\", \"formatter\": \"number\", \"id\": \"61ca57f1-469d-11e7-af02-69e470af7417\", \"fill\": \"0\"}], \"axis_formatter\": \"number\", \"interval\": \"5m\", \"id\": \"61ca57f0-469d-11e7-af02-69e470af7417\", \"show_legend\": 1, \"show_grid\": 1, \"axis_scale\": \"normal\", \"type\": \"top_n\", \"axis_position\": \"left\"}, \"aggs\": [], \"title\": \"AWS Cloudwatch ELB Unhealthy Host Count\"}"
            }, 
            "id": "9121ac90-734d-11e9-816b-07687310a99a", 
            "migrationVersion": {
                "visualization": "7.2.0"
            }, 
            "references": [], 
            "type": "visualization", 
            "updated_at": "2019-06-14T17:02:27.742Z", 
            "version": "WzI2ODMsNF0="
        }, 
        {
            "attributes": {
                "description": "", 
                "kibanaSavedObjectMeta": {
                    "searchSourceJSON": "{\"filter\": [], \"query\": {\"query\": \"\", \"language\": \"kuery\"}}"
                }, 
                "title": "Cloudwatch Lambda Invocations Top5 [Metricbeat AWS]", 
                "uiStateJSON": "{}", 
                "version": 1, 
                "visState": "{\"type\": \"metrics\", \"params\": {\"bar_color_rules\": [{\"id\": \"94f2ce40-734c-11e9-a683-47ca322fa6f9\"}], \"default_index_pattern\": \"metricbeat-*\", \"background_color_rules\": [{\"id\": \"cbb498f0-734c-11e9-a683-47ca322fa6f9\"}], \"index_pattern\": \"\", \"time_field\": \"@timestamp\", \"series\": [{\"line_width\": 1, \"terms_field\": \"aws.cloudwatch.dimensions.FunctionName\", \"point_size\": 1, \"terms_size\": \"5\", \"color\": \"#68BC00\", \"stacked\": \"none\", \"label\": \"Lambda Invocations\", \"metrics\": [{\"field\": \"aws.cloudwatch.metrics.Invocations\", \"type\": \"avg\", \"id\": \"61ca57f2-469d-11e7-af02-69e470af7417\"}], \"split_mode\": \"terms\", \"chart_type\": \"line\", \"terms_order_by\": \"61ca57f2-469d-11e7-af02-69e470af7417\", \"separate_axis\": 0, \"axis_position\": \"right\", \"formatter\": \"number\", \"id\": \"61ca57f1-469d-11e7-af02-69e470af7417\", \"fill\": \"0\"}], \"axis_formatter\": \"number\", \"interval\": \"5m\", \"id\": \"61ca57f0-469d-11e7-af02-69e470af7417\", \"show_legend\": 1, \"show_grid\": 1, \"axis_scale\": \"normal\", \"type\": \"top_n\", \"axis_position\": \"left\"}, \"aggs\": [], \"title\": \"AWS Cloudwatch Lambda Invocations Top5\"}"
            }, 
            "id": "128fd450-734e-11e9-816b-07687310a99a", 
            "migrationVersion": {
                "visualization": "7.2.0"
            }, 
            "references": [], 
            "type": "visualization", 
            "updated_at": "2019-06-14T17:02:27.742Z", 
            "version": "WzI2ODQsNF0="
        }, 
        {
            "attributes": {
                "description": "", 
                "kibanaSavedObjectMeta": {
                    "searchSourceJSON": "{\"filter\": [], \"query\": {\"query\": \"\", \"language\": \"kuery\"}}"
                }, 
                "title": "Cloudwatch Lambda Errors Top5 [Metricbeat AWS]", 
                "uiStateJSON": "{}", 
                "version": 1, 
                "visState": "{\"type\": \"metrics\", \"params\": {\"bar_color_rules\": [{\"id\": \"94f2ce40-734c-11e9-a683-47ca322fa6f9\"}], \"default_index_pattern\": \"metricbeat-*\", \"background_color_rules\": [{\"id\": \"cbb498f0-734c-11e9-a683-47ca322fa6f9\"}], \"index_pattern\": \"\", \"time_field\": \"@timestamp\", \"series\": [{\"line_width\": 1, \"terms_field\": \"aws.cloudwatch.dimensions.FunctionName\", \"point_size\": 1, \"terms_size\": \"5\", \"color\": \"#68BC00\", \"stacked\": \"none\", \"label\": \"Lambda Errors\", \"metrics\": [{\"field\": \"aws.cloudwatch.metrics.Errors\", \"type\": \"avg\", \"id\": \"61ca57f2-469d-11e7-af02-69e470af7417\"}], \"split_mode\": \"terms\", \"chart_type\": \"line\", \"terms_order_by\": \"61ca57f2-469d-11e7-af02-69e470af7417\", \"separate_axis\": 0, \"axis_position\": \"right\", \"formatter\": \"number\", \"id\": \"61ca57f1-469d-11e7-af02-69e470af7417\", \"fill\": \"0\"}], \"axis_formatter\": \"number\", \"interval\": \"5m\", \"id\": \"61ca57f0-469d-11e7-af02-69e470af7417\", \"show_legend\": 1, \"show_grid\": 1, \"axis_scale\": \"normal\", \"type\": \"top_n\", \"axis_position\": \"left\"}, \"aggs\": [], \"title\": \"AWS Cloudwatch Lambda Errors Top5\"}"
            }, 
            "id": "54e88a40-734e-11e9-816b-07687310a99a", 
            "migrationVersion": {
                "visualization": "7.2.0"
            }, 
            "references": [], 
            "type": "visualization", 
            "updated_at": "2019-06-14T17:02:27.742Z", 
            "version": "WzI2ODUsNF0="
        }, 
        {
            "attributes": {
                "description": "", 
                "kibanaSavedObjectMeta": {
                    "searchSourceJSON": "{\"filter\": [], \"query\": {\"query\": \"\", \"language\": \"kuery\"}}"
                }, 
                "title": "Cloudwatch Lambda Throttles Top5 [Metricbeat AWS]", 
                "uiStateJSON": "{}", 
                "version": 1, 
                "visState": "{\"type\": \"metrics\", \"params\": {\"bar_color_rules\": [{\"id\": \"94f2ce40-734c-11e9-a683-47ca322fa6f9\"}], \"default_index_pattern\": \"metricbeat-*\", \"background_color_rules\": [{\"id\": \"cbb498f0-734c-11e9-a683-47ca322fa6f9\"}], \"index_pattern\": \"\", \"time_field\": \"@timestamp\", \"series\": [{\"line_width\": 1, \"terms_field\": \"aws.cloudwatch.dimensions.FunctionName\", \"point_size\": 1, \"terms_size\": \"5\", \"color\": \"#68BC00\", \"stacked\": \"none\", \"label\": \"Lambda Throttles\", \"metrics\": [{\"field\": \"aws.cloudwatch.metrics.Throttles\", \"type\": \"avg\", \"id\": \"61ca57f2-469d-11e7-af02-69e470af7417\"}], \"split_mode\": \"terms\", \"chart_type\": \"line\", \"terms_order_by\": \"61ca57f2-469d-11e7-af02-69e470af7417\", \"separate_axis\": 0, \"axis_position\": \"right\", \"formatter\": \"number\", \"id\": \"61ca57f1-469d-11e7-af02-69e470af7417\", \"fill\": \"0\"}], \"axis_formatter\": \"number\", \"interval\": \"5m\", \"id\": \"61ca57f0-469d-11e7-af02-69e470af7417\", \"show_legend\": 1, \"show_grid\": 1, \"axis_scale\": \"normal\", \"type\": \"top_n\", \"axis_position\": \"left\"}, \"aggs\": [], \"title\": \"AWS Cloudwatch Lambda Throttles Top5\"}"
            }, 
            "id": "398d12d0-7352-11e9-816b-07687310a99a", 
            "migrationVersion": {
                "visualization": "7.2.0"
            }, 
            "references": [], 
            "type": "visualization", 
            "updated_at": "2019-06-14T17:02:27.742Z", 
            "version": "WzI2ODYsNF0="
        }, 
        {
            "attributes": {
                "description": "", 
                "kibanaSavedObjectMeta": {
                    "searchSourceJSON": "{\"filter\": [], \"query\": {\"query\": \"\", \"language\": \"kuery\"}}"
                }, 
                "title": "Cloudwatch ECS CPU Available [Metricbeat AWS]", 
                "uiStateJSON": "{}", 
                "version": 1, 
                "visState": "{\"type\": \"metrics\", \"params\": {\"default_index_pattern\": \"metricbeat-*\", \"background_color_rules\": [{\"id\": \"bb21d180-830d-11e9-9c4c-391fa0a2e15f\"}], \"index_pattern\": \"\", \"default_timefield\": \"@timestamp\", \"series\": [{\"line_width\": 1, \"terms_field\": \"aws.cloudwatch.dimensions.ClusterName\", \"metrics\": [{\"field\": \"aws.cloudwatch.metrics.CPUUtilization\", \"type\": \"sum\", \"id\": \"17f8ddf0-830d-11e9-9f3d-ed346f48a007\"}, {\"field\": \"aws.cloudwatch.metrics.CPUReservation\", \"type\": \"sum\", \"id\": \"61ca57f2-469d-11e7-af02-69e470af7417\"}, {\"variables\": [{\"field\": \"17f8ddf0-830d-11e9-9f3d-ed346f48a007\", \"id\": \"6f338920-830e-11e9-9c4c-391fa0a2e15f\", \"name\": \"util\"}, {\"field\": \"61ca57f2-469d-11e7-af02-69e470af7417\", \"id\": \"7ab9f9a0-830e-11e9-9c4c-391fa0a2e15f\", \"name\": \"res\"}], \"type\": \"math\", \"id\": \"68a93050-830e-11e9-9c4c-391fa0a2e15f\", \"script\": \"(params.res - params.util) / 100\"}], \"terms_size\": \"5\", \"color\": \"#68BC00\", \"stacked\": \"none\", \"label\": \"\", \"filter\": \"(aws.cloudwatch.namespace:\\\"AWS/ECS\\\") AND (_exists_: aws.cloudwatch.metrics.CPUReservation) AND (_exists_: aws.cloudwatch.metrics.CPUUtilization)\", \"separate_axis\": 0, \"split_mode\": \"terms\", \"chart_type\": \"line\", \"terms_order_by\": \"_key\", \"point_size\": 1, \"axis_position\": \"right\", \"formatter\": \"percent\", \"id\": \"61ca57f1-469d-11e7-af02-69e470af7417\", \"fill\": \"0\"}], \"axis_formatter\": \"number\", \"interval\": \"5m\", \"id\": \"61ca57f0-469d-11e7-af02-69e470af7417\", \"filter\": \"\", \"time_field\": \"\", \"show_legend\": 1, \"show_grid\": 1, \"axis_scale\": \"normal\", \"type\": \"timeseries\", \"axis_position\": \"left\"}, \"aggs\": [], \"title\": \"AWS Cloudwatch ECS CPU Available\"}"
            }, 
            "id": "4bf62a10-8310-11e9-ac83-47df3568ff90", 
            "migrationVersion": {
                "visualization": "7.2.0"
            }, 
            "references": [], 
            "type": "visualization", 
            "updated_at": "2019-06-14T17:48:26.084Z", 
            "version": "WzI5NDEsNF0="
        }, 
        {
            "attributes": {
                "description": "", 
                "kibanaSavedObjectMeta": {
                    "searchSourceJSON": "{\"filter\": [], \"query\": {\"query\": \"\", \"language\": \"kuery\"}}"
                }, 
                "title": "Cloudwatch ECS Memory Available [Metricbeat AWS]", 
                "uiStateJSON": "{}", 
                "version": 1, 
                "visState": "{\"type\": \"metrics\", \"params\": {\"default_index_pattern\": \"metricbeat-*\", \"background_color_rules\": [{\"id\": \"bb21d180-830d-11e9-9c4c-391fa0a2e15f\"}], \"index_pattern\": \"\", \"default_timefield\": \"@timestamp\", \"series\": [{\"line_width\": 1, \"terms_field\": \"aws.cloudwatch.dimensions.ClusterName\", \"metrics\": [{\"field\": \"aws.cloudwatch.metrics.MemoryUtilization\", \"type\": \"sum\", \"id\": \"17f8ddf0-830d-11e9-9f3d-ed346f48a007\"}, {\"field\": \"aws.cloudwatch.metrics.MemoryReservation\", \"type\": \"sum\", \"id\": \"61ca57f2-469d-11e7-af02-69e470af7417\"}, {\"variables\": [{\"field\": \"17f8ddf0-830d-11e9-9f3d-ed346f48a007\", \"id\": \"6f338920-830e-11e9-9c4c-391fa0a2e15f\", \"name\": \"util\"}, {\"field\": \"61ca57f2-469d-11e7-af02-69e470af7417\", \"id\": \"7ab9f9a0-830e-11e9-9c4c-391fa0a2e15f\", \"name\": \"res\"}], \"type\": \"math\", \"id\": \"68a93050-830e-11e9-9c4c-391fa0a2e15f\", \"script\": \"(params.res - params.util) / 100\"}], \"terms_size\": \"5\", \"color\": \"#68BC00\", \"stacked\": \"none\", \"value_template\": \"{{value}}\", \"label\": \"\", \"filter\": \"(aws.cloudwatch.namespace:\\\"AWS/ECS\\\") AND (_exists_: aws.cloudwatch.metrics.MemoryReservation) AND (_exists_: aws.cloudwatch.metrics.MemoryUtilization)\", \"separate_axis\": 0, \"split_mode\": \"terms\", \"chart_type\": \"line\", \"terms_order_by\": \"_key\", \"point_size\": 1, \"axis_position\": \"right\", \"formatter\": \"percent\", \"id\": \"61ca57f1-469d-11e7-af02-69e470af7417\", \"fill\": \"0\"}], \"axis_formatter\": \"number\", \"interval\": \"5m\", \"id\": \"61ca57f0-469d-11e7-af02-69e470af7417\", \"filter\": \"\", \"time_field\": \"\", \"show_legend\": 1, \"show_grid\": 1, \"axis_scale\": \"normal\", \"type\": \"timeseries\", \"axis_position\": \"left\"}, \"aggs\": [], \"title\": \"AWS Cloudwatch ECS Memory Available\"}"
            }, 
            "id": "d2f46190-830f-11e9-ac83-47df3568ff90", 
            "migrationVersion": {
                "visualization": "7.2.0"
            }, 
            "references": [], 
            "type": "visualization", 
            "updated_at": "2019-06-14T17:47:50.042Z", 
            "version": "WzI5NDAsNF0="
        }
    ], 
    "version": "7.2.0"
}