{
    "objects": [
        {
            "attributes": {
                "description": "Overview of the CockroachDB server status", 
                "hits": 0, 
                "kibanaSavedObjectMeta": {
                    "searchSourceJSON": "{\"filter\": [], \"query\": {\"query\": \"\", \"language\": \"kuery\"}}"
                }, 
                "optionsJSON": "{\"useMargins\": true, \"hidePanelTitles\": false}", 
                "panelsJSON": "[{\"gridData\": {\"i\": \"1\", \"h\": 11, \"y\": 0, \"w\": 24, \"x\": 0}, \"title\": \"Number of SQL connections\", \"embeddableConfig\": {}, \"version\": \"7.1.0\", \"panelRefName\": \"panel_0\", \"panelIndex\": \"1\"}, {\"gridData\": {\"i\": \"2\", \"h\": 11, \"y\": 0, \"w\": 24, \"x\": 24}, \"title\": \"SQL queries\", \"embeddableConfig\": {}, \"version\": \"7.1.0\", \"panelRefName\": \"panel_1\", \"panelIndex\": \"2\"}, {\"gridData\": {\"i\": \"3\", \"h\": 9, \"y\": 11, \"w\": 16, \"x\": 16}, \"title\": \"Replicas per Store\", \"embeddableConfig\": {}, \"version\": \"7.1.0\", \"panelRefName\": \"panel_2\", \"panelIndex\": \"3\"}, {\"gridData\": {\"i\": \"4\", \"h\": 9, \"y\": 11, \"w\": 16, \"x\": 32}, \"title\": \"Replica leaseholders\", \"embeddableConfig\": {}, \"version\": \"7.1.0\", \"panelRefName\": \"panel_3\", \"panelIndex\": \"4\"}, {\"gridData\": {\"i\": \"5\", \"h\": 9, \"y\": 11, \"w\": 16, \"x\": 0}, \"title\": \"Ranges\", \"embeddableConfig\": {}, \"version\": \"7.1.0\", \"panelRefName\": \"panel_4\", \"panelIndex\": \"5\"}, {\"gridData\": {\"i\": \"6\", \"h\": 10, \"y\": 20, \"w\": 24, \"x\": 0}, \"title\": \"Average log commit latency\", \"embeddableConfig\": {}, \"version\": \"7.1.0\", \"panelRefName\": \"panel_5\", \"panelIndex\": \"6\"}, {\"gridData\": {\"i\": \"7\", \"h\": 10, \"y\": 20, \"w\": 24, \"x\": 24}, \"title\": \"Average command commit latency\", \"embeddableConfig\": {}, \"version\": \"7.1.0\", \"panelRefName\": \"panel_6\", \"panelIndex\": \"7\"}]", 
                "timeRestore": false, 
                "title": "[Metricbeat CockroachDB] Overview", 
                "version": 1
            }, 
            "id": "e3ba0c30-9766-11e9-9eea-6f554992ec1f", 
            "migrationVersion": {
                "dashboard": "7.0.0"
            }, 
            "references": [
                {
                    "id": "79691920-9766-11e9-9eea-6f554992ec1f", 
                    "name": "panel_0", 
                    "type": "visualization"
                }, 
                {
                    "id": "5073ed20-9760-11e9-9eea-6f554992ec1f", 
                    "name": "panel_1", 
                    "type": "visualization"
                }, 
                {
                    "id": "bad285b0-9769-11e9-9eea-6f554992ec1f", 
                    "name": "panel_2", 
                    "type": "visualization"
                }, 
                {
                    "id": "8add0960-976a-11e9-9eea-6f554992ec1f", 
                    "name": "panel_3", 
                    "type": "visualization"
                }, 
                {
                    "id": "2af19b90-976c-11e9-9eea-6f554992ec1f", 
                    "name": "panel_4", 
                    "type": "visualization"
                }, 
                {
                    "id": "74cf44b0-9771-11e9-9eea-6f554992ec1f", 
                    "name": "panel_5", 
                    "type": "visualization"
                }, 
                {
                    "id": "b5ab45b0-9771-11e9-9eea-6f554992ec1f", 
                    "name": "panel_6", 
                    "type": "visualization"
                }
            ], 
            "type": "dashboard", 
            "updated_at": "2019-06-25T19:17:43.667Z", 
            "version": "WzU0LDFd"
        }, 
        {
            "attributes": {
                "description": "", 
                "kibanaSavedObjectMeta": {
                    "searchSourceJSON": "{\"filter\": [], \"query\": {\"query\": \"\", \"language\": \"kuery\"}}"
                }, 
                "title": "Number of SQL connections [Metricbeat CockroachDB]", 
                "uiStateJSON": "{}", 
                "version": 1, 
                "visState": "{\"type\": \"metrics\", \"params\": {\"default_index_pattern\": \"metricbeat-*\", \"index_pattern\": \"\", \"time_field\": \"@timestamp\", \"series\": [{\"line_width\": 1, \"terms_field\": \"service.address\", \"point_size\": 1, \"color\": \"#68BC00\", \"stacked\": \"stacked\", \"label\": \"Number of connections\", \"metrics\": [{\"field\": \"prometheus.metrics.sql_conns\", \"type\": \"max\", \"id\": \"61ca57f2-469d-11e7-af02-69e470af7417\"}], \"terms_direction\": \"desc\", \"split_mode\": \"terms\", \"chart_type\": \"line\", \"terms_order_by\": \"_count\", \"separate_axis\": 0, \"axis_position\": \"right\", \"formatter\": \"number\", \"id\": \"61ca57f1-469d-11e7-af02-69e470af7417\", \"split_color_mode\": \"rainbow\", \"fill\": 0.5}], \"axis_formatter\": \"number\", \"interval\": \"auto\", \"id\": \"61ca57f0-469d-11e7-af02-69e470af7417\", \"show_legend\": 1, \"show_grid\": 1, \"axis_scale\": \"normal\", \"type\": \"timeseries\", \"axis_position\": \"left\"}, \"aggs\": [], \"title\": \"Number of SQL connections [Metricbeat CockroachDB]\"}"
            }, 
            "id": "79691920-9766-11e9-9eea-6f554992ec1f", 
            "migrationVersion": {
                "visualization": "7.0.1"
            }, 
            "references": [], 
            "type": "visualization", 
            "updated_at": "2019-06-25T19:10:30.316Z", 
            "version": "WzUxLDFd"
        }, 
        {
            "attributes": {
                "description": "", 
                "kibanaSavedObjectMeta": {
                    "searchSourceJSON": "{\"filter\": [], \"query\": {\"query\": \"\", \"language\": \"kuery\"}}"
                }, 
                "title": "SQL queries [Metricbeat CockroachDB]", 
                "uiStateJSON": "{}", 
                "version": 1, 
                "visState": "{\"type\": \"metrics\", \"params\": {\"default_index_pattern\": \"metricbeat-*\", \"index_pattern\": \"\", \"time_field\": \"@timestamp\", \"series\": [{\"line_width\": 1, \"terms_field\": \"service.address\", \"point_size\": 1, \"color\": \"#68BC00\", \"stacked\": \"stacked\", \"label\": \"Selects\", \"metrics\": [{\"field\": \"prometheus.metrics.sql_select_count\", \"type\": \"sum\", \"id\": \"88d70bc0-9760-11e9-b3d5-07b0ab7d6354\"}, {\"field\": \"88d70bc0-9760-11e9-b3d5-07b0ab7d6354\", \"type\": \"derivative\", \"id\": \"658d2990-9762-11e9-b3d5-07b0ab7d6354\", \"unit\": \"\"}, {\"function\": \"sum\", \"field\": \"658d2990-9762-11e9-b3d5-07b0ab7d6354\", \"sigma\": \"\", \"id\": \"ec698bc0-9762-11e9-b3d5-07b0ab7d6354\", \"type\": \"positive_only\"}], \"split_mode\": \"everything\", \"chart_type\": \"line\", \"terms_order_by\": \"88d70bc0-9760-11e9-b3d5-07b0ab7d6354\", \"separate_axis\": 0, \"axis_position\": \"right\", \"formatter\": \"number\", \"id\": \"88d6bda0-9760-11e9-b3d5-07b0ab7d6354\", \"fill\": 0.5}, {\"line_width\": 1, \"point_size\": 1, \"color\": \"rgba(244,78,59,1)\", \"stacked\": \"stacked\", \"label\": \"Inserts\", \"id\": \"02d89100-9761-11e9-b3d5-07b0ab7d6354\", \"metrics\": [{\"field\": \"prometheus.metrics.sql_insert_count\", \"type\": \"sum\", \"id\": \"02d89101-9761-11e9-b3d5-07b0ab7d6354\"}, {\"field\": \"02d89101-9761-11e9-b3d5-07b0ab7d6354\", \"type\": \"derivative\", \"id\": \"74eba420-9762-11e9-b3d5-07b0ab7d6354\", \"unit\": \"\"}, {\"field\": \"74eba420-9762-11e9-b3d5-07b0ab7d6354\", \"type\": \"positive_only\", \"id\": \"54cb8aa0-9764-11e9-b3d5-07b0ab7d6354\", \"unit\": \"\"}], \"split_mode\": \"everything\", \"chart_type\": \"line\", \"separate_axis\": 0, \"axis_position\": \"right\", \"formatter\": \"number\", \"hidden\": false, \"fill\": 0.5}, {\"line_width\": 1, \"terms_field\": \"service.address\", \"point_size\": 1, \"color\": \"rgba(252,220,0,1)\", \"stacked\": \"stacked\", \"label\": \"Updates\", \"id\": \"61ca57f1-469d-11e7-af02-69e470af7417\", \"metrics\": [{\"field\": \"prometheus.metrics.sql_update_count\", \"type\": \"sum\", \"id\": \"61ca57f2-469d-11e7-af02-69e470af7417\"}, {\"field\": \"61ca57f2-469d-11e7-af02-69e470af7417\", \"type\": \"derivative\", \"id\": \"9aa7ace0-9762-11e9-b3d5-07b0ab7d6354\", \"unit\": \"\"}, {\"field\": \"9aa7ace0-9762-11e9-b3d5-07b0ab7d6354\", \"type\": \"positive_only\", \"id\": \"939af2c0-9764-11e9-b3d5-07b0ab7d6354\", \"unit\": \"\"}], \"split_mode\": \"everything\", \"chart_type\": \"line\", \"separate_axis\": 0, \"axis_position\": \"right\", \"formatter\": \"number\", \"hidden\": false, \"fill\": 0.5}, {\"line_width\": 1, \"point_size\": 1, \"color\": \"rgba(115,216,255,1)\", \"stacked\": \"stacked\", \"label\": \"Deletes\", \"id\": \"03f6d240-9761-11e9-b3d5-07b0ab7d6354\", \"metrics\": [{\"field\": \"prometheus.metrics.sql_delete_count\", \"type\": \"sum\", \"id\": \"03f6d241-9761-11e9-b3d5-07b0ab7d6354\"}, {\"field\": \"03f6d241-9761-11e9-b3d5-07b0ab7d6354\", \"type\": \"derivative\", \"id\": \"a3ed7c30-9762-11e9-b3d5-07b0ab7d6354\", \"unit\": \"\"}, {\"field\": \"a3ed7c30-9762-11e9-b3d5-07b0ab7d6354\", \"type\": \"positive_only\", \"id\": \"a13994e0-9764-11e9-b3d5-07b0ab7d6354\", \"unit\": \"\"}], \"split_mode\": \"everything\", \"chart_type\": \"line\", \"separate_axis\": 0, \"axis_position\": \"right\", \"formatter\": \"number\", \"hidden\": false, \"fill\": 0.5}], \"axis_formatter\": \"number\", \"interval\": \"auto\", \"axis_position\": \"left\", \"id\": \"61ca57f0-469d-11e7-af02-69e470af7417\", \"show_legend\": 1, \"show_grid\": 1, \"axis_scale\": \"normal\", \"type\": \"timeseries\", \"annotations\": []}, \"aggs\": [], \"title\": \"SQL queries [Metricbeat CockroachDB]\"}"
            }, 
            "id": "5073ed20-9760-11e9-9eea-6f554992ec1f", 
            "migrationVersion": {
                "visualization": "7.0.1"
            }, 
            "references": [], 
            "type": "visualization", 
            "updated_at": "2019-06-25T18:41:34.934Z", 
            "version": "WzQ0LDFd"
        }, 
        {
            "attributes": {
                "description": "", 
                "kibanaSavedObjectMeta": {
                    "searchSourceJSON": "{\"filter\": [], \"query\": {\"query\": \"\", \"language\": \"kuery\"}}"
                }, 
                "title": "Replicas per Store [Metricbeat CockroachDB]", 
                "uiStateJSON": "{}", 
                "version": 1, 
                "visState": "{\"type\": \"metrics\", \"params\": {\"default_index_pattern\": \"metricbeat-*\", \"index_pattern\": \"\", \"time_field\": \"@timestamp\", \"series\": [{\"line_width\": 1, \"terms_field\": \"service.address\", \"point_size\": 1, \"color\": \"#68BC00\", \"stacked\": \"stacked\", \"label\": \"Replicas per store\", \"metrics\": [{\"field\": \"prometheus.metrics.replicas\", \"type\": \"max\", \"id\": \"61ca57f2-469d-11e7-af02-69e470af7417\"}], \"terms_direction\": \"desc\", \"split_mode\": \"terms\", \"chart_type\": \"line\", \"terms_order_by\": \"_count\", \"separate_axis\": 0, \"axis_position\": \"right\", \"formatter\": \"number\", \"id\": \"61ca57f1-469d-11e7-af02-69e470af7417\", \"split_color_mode\": \"rainbow\", \"fill\": 0.5}], \"axis_formatter\": \"number\", \"interval\": \"auto\", \"id\": \"61ca57f0-469d-11e7-af02-69e470af7417\", \"show_legend\": 1, \"show_grid\": 1, \"axis_scale\": \"normal\", \"type\": \"timeseries\", \"axis_position\": \"left\"}, \"aggs\": [], \"title\": \"Replicas per Store [Metricbeat CockroachDB]\"}"
            }, 
            "id": "bad285b0-9769-11e9-9eea-6f554992ec1f", 
            "migrationVersion": {
                "visualization": "7.0.1"
            }, 
            "references": [], 
            "type": "visualization", 
            "updated_at": "2019-06-25T19:06:30.737Z", 
            "version": "WzQ4LDFd"
        }, 
        {
            "attributes": {
                "description": "", 
                "kibanaSavedObjectMeta": {
                    "searchSourceJSON": "{\"filter\": [], \"query\": {\"query\": \"\", \"language\": \"kuery\"}}"
                }, 
                "title": "Replica leaseholders [Metricbeat CockroachDB]", 
                "uiStateJSON": "{}", 
                "version": 1, 
                "visState": "{\"type\": \"metrics\", \"params\": {\"default_index_pattern\": \"metricbeat-*\", \"index_pattern\": \"\", \"time_field\": \"@timestamp\", \"series\": [{\"line_width\": 1, \"terms_field\": \"service.address\", \"point_size\": 1, \"color\": \"#68BC00\", \"stacked\": \"stacked\", \"label\": \"Replica leaseholders per store\", \"metrics\": [{\"field\": \"prometheus.metrics.replicas_leaseholders\", \"type\": \"max\", \"id\": \"61ca57f2-469d-11e7-af02-69e470af7417\"}], \"split_mode\": \"terms\", \"chart_type\": \"line\", \"separate_axis\": 0, \"axis_position\": \"right\", \"formatter\": \"number\", \"id\": \"61ca57f1-469d-11e7-af02-69e470af7417\", \"split_color_mode\": \"rainbow\", \"fill\": 0.5}], \"axis_formatter\": \"number\", \"interval\": \"auto\", \"id\": \"61ca57f0-469d-11e7-af02-69e470af7417\", \"show_legend\": 1, \"show_grid\": 1, \"axis_scale\": \"normal\", \"type\": \"timeseries\", \"axis_position\": \"left\"}, \"aggs\": [], \"title\": \"Replica leaseholders [Metricbeat CockroachDB]\"}"
            }, 
            "id": "8add0960-976a-11e9-9eea-6f554992ec1f", 
            "migrationVersion": {
                "visualization": "7.0.1"
            }, 
            "references": [], 
            "type": "visualization", 
            "updated_at": "2019-06-25T18:34:03.281Z", 
            "version": "WzQwLDFd"
        }, 
        {
            "attributes": {
                "description": "", 
                "kibanaSavedObjectMeta": {
                    "searchSourceJSON": "{\"filter\": [], \"query\": {\"query\": \"\", \"language\": \"kuery\"}}"
                }, 
                "title": "Ranges [Metricbeat CockroachDB]", 
                "uiStateJSON": "{}", 
                "version": 1, 
                "visState": "{\"type\": \"metrics\", \"params\": {\"default_index_pattern\": \"metricbeat-*\", \"index_pattern\": \"\", \"time_field\": \"@timestamp\", \"series\": [{\"line_width\": \"2\", \"terms_field\": null, \"point_size\": \"2\", \"color\": \"rgba(254,146,0,1)\", \"stacked\": \"none\", \"label\": \"Underreplicated\", \"metrics\": [{\"field\": \"prometheus.metrics.ranges_underreplicated\", \"type\": \"max\", \"id\": \"e4489e51-976b-11e9-b3d5-07b0ab7d6354\"}], \"split_mode\": \"everything\", \"chart_type\": \"line\", \"separate_axis\": 0, \"axis_position\": \"right\", \"formatter\": \"number\", \"id\": \"e4489e50-976b-11e9-b3d5-07b0ab7d6354\", \"fill\": \"0\"}, {\"line_width\": \"2\", \"terms_field\": null, \"point_size\": \"2\", \"color\": \"rgba(252,220,0,1)\", \"stacked\": \"none\", \"label\": \"Overreplicated\", \"metrics\": [{\"field\": \"prometheus.metrics.ranges_overreplicated\", \"type\": \"max\", \"id\": \"c938f9c1-976b-11e9-b3d5-07b0ab7d6354\"}], \"split_mode\": \"everything\", \"chart_type\": \"line\", \"separate_axis\": 0, \"axis_position\": \"right\", \"formatter\": \"number\", \"id\": \"c938f9c0-976b-11e9-b3d5-07b0ab7d6354\", \"fill\": \"0\"}, {\"line_width\": \"2\", \"terms_field\": null, \"point_size\": \"2\", \"color\": \"rgba(244,78,59,1)\", \"stacked\": \"none\", \"label\": \"Unavailable\", \"metrics\": [{\"field\": \"prometheus.metrics.ranges_unavailable\", \"type\": \"max\", \"id\": \"0ed1bf81-976c-11e9-b3d5-07b0ab7d6354\"}], \"split_mode\": \"everything\", \"chart_type\": \"line\", \"separate_axis\": 0, \"axis_position\": \"right\", \"formatter\": \"number\", \"id\": \"0ed1bf80-976c-11e9-b3d5-07b0ab7d6354\", \"fill\": \"0\"}, {\"line_width\": 1, \"terms_field\": null, \"point_size\": 1, \"color\": \"rgba(204,204,204,1)\", \"stacked\": \"none\", \"label\": \"Total\", \"metrics\": [{\"field\": \"prometheus.metrics.ranges\", \"type\": \"max\", \"id\": \"61ca57f2-469d-11e7-af02-69e470af7417\"}], \"split_mode\": \"everything\", \"chart_type\": \"line\", \"separate_axis\": 0, \"axis_position\": \"right\", \"formatter\": \"number\", \"id\": \"61ca57f1-469d-11e7-af02-69e470af7417\", \"fill\": 0.5}], \"axis_formatter\": \"number\", \"interval\": \"auto\", \"id\": \"61ca57f0-469d-11e7-af02-69e470af7417\", \"show_legend\": 1, \"show_grid\": 1, \"axis_scale\": \"normal\", \"type\": \"timeseries\", \"axis_position\": \"left\"}, \"aggs\": [], \"title\": \"Ranges [Metricbeat CockroachDB]\"}"
            }, 
            "id": "2af19b90-976c-11e9-9eea-6f554992ec1f", 
            "migrationVersion": {
                "visualization": "7.0.1"
            }, 
            "references": [], 
            "type": "visualization", 
            "updated_at": "2019-06-25T18:38:28.645Z", 
            "version": "WzQyLDFd"
        }, 
        {
            "attributes": {
                "description": "", 
                "kibanaSavedObjectMeta": {
                    "searchSourceJSON": "{\"filter\": [], \"query\": {\"query\": \"\", \"language\": \"kuery\"}}"
                }, 
                "title": "Log commit latency [Metricbeat CockroachDB]", 
                "uiStateJSON": "{}", 
                "version": 1, 
                "visState": "{\"type\": \"metrics\", \"params\": {\"default_index_pattern\": \"metricbeat-*\", \"index_pattern\": \"\", \"time_field\": \"@timestamp\", \"series\": [{\"line_width\": 1, \"terms_field\": \"service.address\", \"metrics\": [{\"order\": \"desc\", \"field\": \"prometheus.metrics.raft_process_logcommit_latency_count\", \"agg_with\": \"avg\", \"type\": \"max\", \"id\": \"61ca57f2-469d-11e7-af02-69e470af7417\", \"size\": 1}, {\"field\": \"61ca57f2-469d-11e7-af02-69e470af7417\", \"type\": \"derivative\", \"id\": \"4346d3b0-976f-11e9-b3d5-07b0ab7d6354\", \"unit\": \"\"}, {\"field\": \"prometheus.metrics.raft_process_logcommit_latency_sum\", \"type\": \"max\", \"id\": \"4a430120-976f-11e9-b3d5-07b0ab7d6354\", \"unit\": \"\"}, {\"field\": \"4a430120-976f-11e9-b3d5-07b0ab7d6354\", \"type\": \"derivative\", \"id\": \"581519e0-9770-11e9-b3d5-07b0ab7d6354\", \"unit\": \"\"}, {\"variables\": [{\"field\": \"581519e0-9770-11e9-b3d5-07b0ab7d6354\", \"id\": \"6fbb54b0-9770-11e9-b3d5-07b0ab7d6354\", \"name\": \"sum\"}, {\"field\": \"4346d3b0-976f-11e9-b3d5-07b0ab7d6354\", \"id\": \"76cc90c0-9770-11e9-b3d5-07b0ab7d6354\", \"name\": \"count\"}], \"type\": \"calculation\", \"id\": \"6574b730-9770-11e9-b3d5-07b0ab7d6354\", \"script\": \"params.sum / params.count\"}], \"color\": \"rgba(104,188,0,1)\", \"stacked\": \"none\", \"value_template\": \"{{value}}ms\", \"label\": \"Average log commit latency\", \"filter\": \"\", \"separate_axis\": 0, \"split_mode\": \"terms\", \"chart_type\": \"line\", \"point_size\": 1, \"axis_position\": \"right\", \"formatter\": \"ns,ms,2\", \"id\": \"61ca57f1-469d-11e7-af02-69e470af7417\", \"split_color_mode\": \"rainbow\", \"fill\": 0.5}], \"axis_formatter\": \"number\", \"interval\": \"auto\", \"id\": \"61ca57f0-469d-11e7-af02-69e470af7417\", \"show_legend\": 1, \"show_grid\": 1, \"axis_scale\": \"normal\", \"type\": \"timeseries\", \"axis_position\": \"left\"}, \"aggs\": [], \"title\": \"Log commit latency [Metricbeat CockroachDB]\"}"
            }, 
            "id": "74cf44b0-9771-11e9-9eea-6f554992ec1f", 
            "migrationVersion": {
                "visualization": "7.0.1"
            }, 
            "references": [], 
            "type": "visualization", 
            "updated_at": "2019-06-25T19:08:05.279Z", 
            "version": "WzQ5LDFd"
        }, 
        {
            "attributes": {
                "description": "", 
                "kibanaSavedObjectMeta": {
                    "searchSourceJSON": "{\"filter\": [], \"query\": {\"query\": \"\", \"language\": \"kuery\"}}"
                }, 
                "title": "Command commit latency [Metricbeat CockroachDB]", 
                "uiStateJSON": "{}", 
                "version": 1, 
                "visState": "{\"type\": \"metrics\", \"params\": {\"default_index_pattern\": \"metricbeat-*\", \"index_pattern\": \"\", \"time_field\": \"@timestamp\", \"series\": [{\"line_width\": 1, \"terms_field\": \"service.address\", \"metrics\": [{\"order\": \"desc\", \"field\": \"prometheus.metrics.raft_process_commandcommit_latency_count\", \"agg_with\": \"avg\", \"type\": \"max\", \"id\": \"61ca57f2-469d-11e7-af02-69e470af7417\", \"size\": 1}, {\"field\": \"61ca57f2-469d-11e7-af02-69e470af7417\", \"type\": \"derivative\", \"id\": \"4346d3b0-976f-11e9-b3d5-07b0ab7d6354\", \"unit\": \"\"}, {\"field\": \"prometheus.metrics.raft_process_commandcommit_latency_sum\", \"type\": \"max\", \"id\": \"4a430120-976f-11e9-b3d5-07b0ab7d6354\", \"unit\": \"\"}, {\"field\": \"4a430120-976f-11e9-b3d5-07b0ab7d6354\", \"type\": \"derivative\", \"id\": \"581519e0-9770-11e9-b3d5-07b0ab7d6354\", \"unit\": \"\"}, {\"variables\": [{\"field\": \"581519e0-9770-11e9-b3d5-07b0ab7d6354\", \"id\": \"6fbb54b0-9770-11e9-b3d5-07b0ab7d6354\", \"name\": \"sum\"}, {\"field\": \"4346d3b0-976f-11e9-b3d5-07b0ab7d6354\", \"id\": \"76cc90c0-9770-11e9-b3d5-07b0ab7d6354\", \"name\": \"count\"}], \"type\": \"calculation\", \"id\": \"6574b730-9770-11e9-b3d5-07b0ab7d6354\", \"script\": \"params.sum / params.count\"}], \"color\": \"rgba(104,188,0,1)\", \"stacked\": \"none\", \"value_template\": \"{{value}}ms\", \"label\": \"Average command commit latency\", \"filter\": \"\", \"separate_axis\": 0, \"split_mode\": \"terms\", \"chart_type\": \"line\", \"point_size\": 1, \"axis_position\": \"right\", \"formatter\": \"ns,ms,2\", \"id\": \"61ca57f1-469d-11e7-af02-69e470af7417\", \"split_color_mode\": \"rainbow\", \"fill\": 0.5}], \"axis_formatter\": \"number\", \"interval\": \"auto\", \"id\": \"61ca57f0-469d-11e7-af02-69e470af7417\", \"show_legend\": 1, \"show_grid\": 1, \"axis_scale\": \"normal\", \"type\": \"timeseries\", \"axis_position\": \"left\"}, \"aggs\": [], \"title\": \"Command commit latency [Metricbeat CockroachDB]\"}"
            }, 
            "id": "b5ab45b0-9771-11e9-9eea-6f554992ec1f", 
            "migrationVersion": {
                "visualization": "7.0.1"
            }, 
            "references": [], 
            "type": "visualization", 
            "updated_at": "2019-06-25T19:08:47.407Z", 
            "version": "WzUwLDFd"
        }
    ], 
    "version": "7.1.0"
}